month,activity_type,activity_id,theme_name,display_name,product_code,purchase_amount,order_count
2026-04,批购包邮,1094664429,,100袋包邮 艾暖 一次性输液加温贴(一次性发热贴)96mm*130mm*1片装（单片的价格）,PX000100939600ZZ,495.0,1
2026-04,批购包邮,1094668927,,15盒包邮 天福 脱敏糊剂120g/支,PX000101293500ZZ,365.6,1
2026-04,批购包邮,1104832648,,12盒包邮 天福 脱敏糊剂61g/支,PX000101308200ZZ,63.0,1
2026-04,批购包邮,1114638763,,48卷包邮 倍适威 弹性绷带BSW-04 450cm*5cm 1卷,PX000101015500ZZ,87.84,2
2026-04,批购包邮,1118641290,,10瓶包邮 海氏海诺 便携式氧气呼吸器LFBZ-1000 1000ml,PX000101225400ZZ,1691.15,13
2026-04,批购包邮,1173809438,,5盒包邮 三诺 血糖试条安稳型 瓶装 50支,PX00000009DR02,1825.0,7
2026-04,批购包邮,974372703,,2台包邮 欧姆龙 电子血压计HEM-7121,PX00010043DR02,698.0,1
2026-04,批购包邮,974383493,,2台包邮 欧姆龙 电子血压计(上臂式)HEM-7121,PX00010043DR02,41012.37,100
2026-04,拼团,1032588877,云闪付专区,2台包邮倍尔康 非接触式红外体温计JXB-178*1台,PX00010049DR02,134.28,1
2026-04,拼团,1032589058,夜间拼团（长期）【活动每天20点开始】,2台包邮倍尔康 非接触式红外体温计JXB-178*1台,PX00010049DR02,606.46,4
2026-04,拼团,1032590577,非药店铺全天拼（长期链接重点报）,2台包邮倍尔康 非接触式电子体温计JXB-178*1台,PX00010049DR02,423.98,3
2026-04,拼团,1032591271,云闪付专区,3台包邮倍尔康 非接触式电子体温计JXB-178*1台,PX00010049DR02,3152.7000000000003,14
2026-04,拼团,1032663093,非药拉新必补（热门品拉新客）,10盒包邮三诺 血糖试条安准型 50支 瓶装,PX00000013DR02,4458.0,15
2026-04,拼团,1048827696,非药拉新必补（热门品拉新客）,10盒包邮三诺 安稳 血糖试条安稳型 50支/盒,PX00000009DR02,450.0,1
2026-04,拼团,1091209750,非药拉新必补（热门品拉新客）,3台包邮倍尔康 非接触式红外体温计JXB-178*1台,PX00010049DR02,202.05,1
2026-04,拼团,1091209882,非药拉新必补（热门品拉新客）,2台包邮欧姆龙 电子血压计(上臂式)HEM-8102K,PX000100482400ZZ,2519.6800000000003,10
2026-04,拼团,1091213751,非药拉新必补（热门品拉新客）,10包包邮海氏海诺 倍适威 医用护理垫成人专用型 60cm×90cm 10片,PX001011479000ZZ,10476.82,101
2026-04,拼团,1098527914,非药拉新必补（热门品拉新客）,300片包邮艾暖 暖宝宝 暖贴(一次性发热贴)96mm*130mm*1片装,PX000000413400ZZ,1880.0,40
2026-04,拼团,1098539696,非药拉新必补（热门品拉新客）,2台包邮欧姆龙 电子血压计(上臂式)L15,PX000101268600ZZ,2694.48,11
2026-04,拼团,1098546392,非药热销起拼量曝光,4盒包邮艾科 EZIII 血糖测试条艾科?EZIII（On Call EZIII） 50人份 筒装（4盒试纸送1台机子）,PX00000022DR02,564.64,3
2026-04,拼团,1099499285,【周五非药日】-长期端口提报,20盒包邮天福 脱敏糊剂120g/支,PX000101293500ZZ,3668.25,9
2026-04,拼团,1099546828,非药店铺全天拼（长期链接重点报）,6包包邮倍适威 医用护理垫(成人拉拉裤)BKLLK-L码 60cm*73cm*10片,PX000100888300ZZ,65.5,1
2026-04,拼团,1099548151,非药店铺全天拼（长期链接重点报）,6包包邮海氏海诺 倍适威 医用护理垫(拉拉裤型)BKLLK-XL(69cm*80cm)*10片,PX000100888400ZZ,1533.3100000000002,16
2026-04,拼团,1104040150,【周五非药日】-长期端口提报,120小袋包邮海氏海诺 医用棉签10cm 40支,PX000101259800ZZ,484.0,8
2026-04,拼团,1104232109,非药拉新必补（热门品拉新客）,2台包邮欧姆龙 电子血压计(上臂式)HEM-7121,PX00010043DR02,23160.86,65
2026-04,拼团,1106612437,非药热销起拼量曝光,8盒包邮艾科 灵睿 血糖测试条艾科?灵睿（On Call EZII） 25人份 单人份,PX00000038DR02,3840.0,17
2026-04,拼团,1106618385,非药热销起拼量曝光,40瓶包邮爱心氧吧 便携式医用供氧器SFK-3 1000mL,PX000100995500ZZ,174.8,1
2026-04,拼团,1110642723,非药拉新必补（热门品拉新客）,10包包邮倍适威 医用护理垫方型 60cm×90cm 10片,PX001011479000ZZ,221.0,3
2026-04,拼团,1110643158,非药拉新必补（热门品拉新客）,2台包邮欧姆龙 电子血压计(手腕式)HEM-6160J*1台,PX000101172900ZZ,254.5,1
2026-04,拼团,1113101906,非药拉新必补（热门品拉新客）,2台包邮雅斯 臂式电子血压计JN-163D *1台,PX000101163900ZZ,2550.72,42
2026-04,拼团,1113127552,非药店铺全天拼（长期链接重点报）,2台包邮雅斯 臂式电子血压计JN-163D *1台,PX000101163900ZZ,1798.9099999999999,21
2026-04,拼团,1114638767,【周五非药日】-长期端口提报,48卷包邮倍适威 弹性绷带BSW-04 450cm*5cm 1卷,PX000101015500ZZ,182.64,2
2026-04,拼团,1114638771,非药商家热销品,48卷包邮倍适威 弹性绷带BSW-04 450cm*5cm 1卷,PX000101015500ZZ,56.64,1
2026-04,拼团,1114638780,非药拉新必补（热门品拉新客）,120卷包邮倍适威 弹性绷带BSW-04 450cm*5cm 1卷,PX000101015500ZZ,2120.4,37
2026-04,拼团,1114647152,非药商家热销品,72袋包邮海氏海诺 医用冰袋 无需冷藏Ⅱ型 120g,PX000100679500ZZ,129.84,3
2026-04,拼团,1116377383,【周五非药日】-长期端口提报,200片包邮艾暖 暖宝宝 暖贴(一次性发热贴)96mm*130mm*1片装,PX000000413400ZZ,98.0,2
2026-04,拼团,1116384222,夜间拼团（长期）【活动每天20点开始】,200片包邮艾暖 暖宝宝 暖贴(一次性发热贴)96mm*130mm*1片装,PX000000413400ZZ,329.0,6
2026-04,拼团,1116386044,云闪付专区,200片包邮艾暖 暖宝宝 暖贴(一次性发热贴)96mm*130mm*1片装,PX000000413400ZZ,49.0,1
2026-04,拼团,1116500953,非药拉新必补（热门品拉新客）,40瓶包邮爱心氧吧 便携式医用供氧器SFK-3 1000mL,PX000100995500ZZ,3822.4,23
2026-04,拼团,1116511586,夜间拼团（长期）【活动每天20点开始】,48卷包邮倍适威 弹性绷带BSW-04 450cm*5cm 1卷,PX000101015500ZZ,149.16,2
2026-04,拼团,1117851229,非药商家热销品,2台包邮倍尔康 非接触式红外体温计JXB-178*1台,PX00010049DR02,2761.76,18
2026-04,拼团,1118546952,非药拉新必补（热门品拉新客）,10盒包邮雅斯 血糖试纸(电化学法)GLS-77 25片*2罐 罐装,PX00280116DR02,1287.6,6
2026-04,拼团,1129588291,非药拉新必补（热门品拉新客）,20盒包邮雅斯 血糖试纸(电化学法)GLS-73 25片*2罐 罐装,PX000011381900ZZ,1042.1999999999998,3
2026-04,拼团,1129688447,夜间拼团（长期）【活动每天20点开始】,10瓶包邮爱心氧吧 便携式医用供氧器SFK-3 1000mL,PX000100995500ZZ,171.2,3
2026-04,拼团,1129859298,【周五非药日】-长期端口提报,2台包邮鱼跃 臂式电子血压计YE655D *1台,PX000000405600ZZ,71601.51,256
2026-04,拼团,1136212347,非药店铺全天拼（长期链接重点报）,144袋包邮倍适威 医用冰袋 无需冷藏Ⅱ型 120g,PX000100679500ZZ,148.68,3
2026-04,拼团,1137606882,云闪付专区,48盒包邮倍适威 棉签BSW-02 8cm允许偏差±1cm 200支,PX001011445200ZZ,523.2,1
2026-04,拼团,1137609363,非药拉新必补（热门品拉新客）,48盒包邮倍适威 棉签BSW-02 8cm允许偏差±1cm 200支,PX001011445200ZZ,466.56000000000006,6
2026-04,拼团,1143228616,【周五非药日】-长期端口提报,40包包邮海氏海诺 倍适威 医用检查手套聚乙烯(PE)型 中号(M) 100只,PX001011425400ZZ,519.2,8
2026-04,拼团,1143228713,非药拉新必补（热门品拉新客）,60袋包邮海氏海诺 医用冰袋 无需冷藏Ⅱ型 120g,PX000100679500ZZ,65.4,1
2026-04,拼团,1143229944,非药店铺全天拼（长期链接重点报）,60袋包邮海氏海诺集团 艾暖 医用冰袋OPIS-BD-ll 120g*1袋,PX000100482000ZZ,324.0,3
2026-04,拼团,1143230795,云闪付专区,48袋包邮海氏海诺集团 艾暖 医用冰袋OPIS-BD-ll 120g*1袋,PX000100482000ZZ,432.0,7
2026-04,拼团,1143671226,【周五非药日】-长期端口提报,90小袋包邮海氏海诺 倍适威 外科纱布敷料纱布块 8cm*10cm 8层 5块,PX000000413200ZZ,2340.0,26
2026-04,拼团,1143672262,非药拉新必补（热门品拉新客）,120小袋包邮海氏海诺 倍适威 外科纱布敷料纱布块 8cm*10cm 8层 5块,PX000000413200ZZ,712.8,6
2026-04,拼团,1143672810,夜间拼团（长期）【活动每天20点开始】,90小袋包邮海氏海诺 倍适威 外科纱布敷料纱布块 8cm*10cm 8层 5块,PX000000413200ZZ,90.0,1
2026-04,拼团,1143673579,云闪付专区,60小袋包邮海氏海诺 倍适威 外科纱布敷料纱布块 8cm*10cm 8层 5块,PX000000413200ZZ,90.0,1
2026-04,拼团,1143718286,云闪付专区,5桶包邮金博 医用胶布A型1cm*1000cm*13卷,PX000100981200ZZ,765.4,11
2026-04,拼团,1143769617,非药新开商业成长提速（3月活动）,100片包邮艾暖 暖宝宝 暖贴(一次性发热贴)96mm*130mm*1片装,PX000000413400ZZ,288.0,4
2026-04,拼团,1143774146,非药新开商业成长提速（3月活动）,5盒包邮三诺 血糖试条GA-3型 50支 瓶装,PX00000132DR02,138.5,1
2026-04,拼团,1143792576,非药新开商业成长提速（3月活动）,2台包邮欧姆龙 电子血压计(上臂式)HEM-7121,PX00010043DR02,831.3000000000001,3
2026-04,拼团,1150328995,非药店铺全天拼（长期链接重点报）,10瓶包邮振德 便携式氧气呼吸器LFBZ-1000 1000ml,PX000101094100ZZ,830.0,6
2026-04,拼团,1151264386,云闪付专区,6包包邮倍适威 医用护理垫(成人拉拉裤)BKLLK-L码 60cm*73cm*10片,PX000100888300ZZ,0.0,0
2026-04,拼团,1164025623,非药店铺全天拼（长期链接重点报）,2台包邮鱼跃 臂式电子血压计YE655D *1台,PX000000405600ZZ,229.64,1
2026-04,拼团,1165910755,非药新开商业成长提速（4月活动）,4盒包邮艾科 EZIII 血糖测试条艾科?EZIII（On Call EZIII） 50人份 筒装,PX00000022DR02,10906.279999999999,47
2026-04,拼团,1165922936,非药新开商业成长提速（4月活动）,5盒包邮三诺 血糖试条GA-3型 50支 瓶装,PX00000132DR02,5023.14,26
2026-04,拼团,1165930312,非药新开商业成长提速（4月活动）,2台包邮欧姆龙 电子血压计(上臂式)HEM-7121,PX00010043DR02,4410.07,12
2026-04,拼团,1165939252,非药新开商业成长提速（4月活动）,2台包邮欧姆龙 电子血压计(上臂式)HEM-8102K,PX000100482400ZZ,511.08,2
2026-04,拼团,1165942173,非药新开商业成长提速（4月活动）,5盒包邮三诺 安稳+ 血糖测试条安稳+ 50支,PX000000418200ZZ,10242.220000000001,36
2026-04,拼团,1165944470,非药新开商业成长提速（4月活动）,5包包邮海氏海诺 倍适威 医用护理垫成人专用型 60cm×90cm 10片,PX001011479000ZZ,1269.28,17
2026-04,拼团,1165953164,非药新开商业成长提速（4月活动）,2台包邮鱼跃 臂式电子血压计YE655D *1台,PX000000405600ZZ,33279.25,111
2026-04,拼团,1165954614,非药新开商业成长提速（4月活动）,2台包邮欧姆龙 电子血压计(上臂式)L15,PX000101268600ZZ,225.68,1
2026-04,拼团,1165955610,非药新开商业成长提速（4月活动）,2盒包邮甘李 秀霖笔 笔式胰岛素注射器XLB01E 1支,PX000101258400ZZ,19263.94,92
2026-04,拼团,1165964638,非药新开商业成长提速（4月活动）,2台包邮欧姆龙 电子血压计HEM-7125J,PX000101173000ZZ,786.38,3
2026-04,拼团,1165975797,非药拉新必补（热门品拉新客）,8盒包邮艾科 EZIII 血糖测试条(葡萄糖氧化酶法)艾科?EZIII（On Call EZIII） 50人份 筒装,PX00000022DR02,278.24,2
2026-04,拼团,1165976004,非药拉新必补（热门品拉新客）,4盒包邮艾科 EZIII 血糖测试条(葡萄糖氧化酶法)艾科?EZIII（On Call EZIII） 50人份 筒装,PX00000022DR02,278.24,1
2026-04,拼团,1165984027,非药拉新必补（热门品拉新客）,2套包邮三诺 安稳+血糖仪套装(血糖仪/血糖测试条/一次性使用末梢采血针)安稳+*1台+安稳+50支*1盒+Ⅰ型 28G 50支,PX000000418200ZZ,292.04999999999995,2
2026-04,拼团,1166004841,非药拉新必补（热门品拉新客）,10盒包邮三诺 安稳+ 血糖测试条安稳+ 50支,PX000000418200ZZ,15137.0,37
2026-04,拼团,1166010595,非药拉新必补（热门品拉新客）,20盒包邮天福 脱敏糊剂120g/支,PX000101293500ZZ,2828.16,13
2026-04,拼团,1166010618,非药拉新必补（热门品拉新客）,12盒包邮天福 脱敏糊剂120g/支,PX000101293500ZZ,218.64,1
2026-04,拼团,1172815261,非药新开商业成长提速（4月活动）,30盒包邮海氏海诺 牙线棒50支/盒,PX000101149100ZZ,120.3,2
2026-04,拼团,1179819352,周末拼团4.18-4.19常规,30盒包邮海氏海诺 牙线棒50支/盒,PX000101149100ZZ,286.4,4
2026-04,拼团,1179820800,周末拼团4.18-4.19常规,48袋包邮海氏海诺集团 艾暖 医用冰袋OPIS-BD-ll 120g*1袋,PX000100482000ZZ,48.0,1
2026-04,拼团,1179822801,周末拼团4.18-4.19常规,20瓶包邮爱心氧吧 便携式医用供氧器SFK-3 1000mL,PX000100995500ZZ,172.0,1
2026-04,拼团,1187541033,周末拼团4.25-4.26常规,90袋包邮海氏海诺集团 艾暖 医用冰袋OPIS-BD-ll 120g*1袋,PX000100482000ZZ,142.56,1
2026-04,拼团,1187560762,非药周必补端口【4.18～4.27】已延长至周一,100片包邮艾暖 暖宝宝 暖贴(一次性发热贴)96mm*130mm*1片装,PX000000413400ZZ,49.0,1
2026-04,拼团,1187623005,周末拼团4.25-4.26常规,48卷包邮倍适威 弹性绷带BSW-04 450cm*5cm 1卷,PX000101015500ZZ,848.76,15
2026-04,拼团,1187628674,非药新开商业成长提速（4月活动）,10盒包邮艾暖 热敷贴96mm×130mm 5片,PX00050373DR02,2439.25,29
2026-04,拼团,1187630455,【周五非药日】-长期端口提报,300片包邮艾暖 热敷贴96mm×130mm 5片,PX00050373DR02,44.8,1
2026-04,拼团,974385726,非药店铺全天拼（长期链接重点报）,8盒包邮艾科 灵睿 血糖测试条艾科?灵睿（On Call EZII） 25人份 单人份（8盒试纸送1台机子）,PX00000038DR02,1441.6,4
2026-04,拼团,974385737,非药店铺全天拼（长期链接重点报）,8盒包邮艾科 EZIII 血糖测试条艾科?EZIII（On Call EZIII） 50人份 筒装（4盒试纸送1台机子）,PX00000022DR02,284.4,2
2026-04,拼团,974385758,非药店铺全天拼（长期链接重点报）,2套包邮三诺 安稳+血糖仪套装(血糖仪/血糖测试条/一次性使用末梢采血针)安稳+*1台+安稳+50支*1盒+Ⅰ型 28G 50支,PX00000073DR02,765.0,2
2026-04,拼团,974385766,非药店铺全天拼（长期链接重点报）,5盒包邮三诺 安稳+ 血糖测试条安稳+ 50支,PX000000418200ZZ,44170.8,135
2026-04,拼团,974385804,非药店铺全天拼（长期链接重点报）,5盒包邮三诺 血糖试条安稳型 瓶装 50支,PX00000009DR02,182.0,1
2026-04,拼团,974385814,非药店铺全天拼（长期链接重点报）,5盒包邮三诺 安稳 血糖试条安稳型 50支/盒,PX00000009DR02,43932.5,133
2026-04,拼团,974385821,非药店铺全天拼（长期链接重点报）,2台包邮欧姆龙 电子血压计HEM-7121,PX00010043DR02,28968.7,83
2026-04,拼团,974389320,云闪付专区,4盒包邮艾科 EZIII 血糖测试条艾科?EZIII（On Call EZIII） 50人份 筒装（4盒试纸送1台机子）,PX00000022DR02,284.24,1
2026-04,拼团,974389327,云闪付专区,2套包邮三诺 安稳+血糖仪套装(血糖仪/血糖测试条/一次性使用末梢采血针)安稳+*1台+安稳+50支*1盒+Ⅰ型 28G 50支,PX00000073DR02,236.0,1
2026-04,拼团,974389329,云闪付专区,5盒包邮三诺 安稳+ 血糖测试条安稳+ 50支,PX000000418200ZZ,1559.25,3
2026-04,拼团,974389344,云闪付专区,5盒包邮三诺 安稳 血糖试条安稳型 50支/盒,PX00000009DR02,13328.2,42
2026-04,拼团,974389887,夜间拼团（长期）【活动每天20点开始】,8盒包邮艾科 灵睿 血糖测试条艾科?灵睿（On Call EZII） 25人份 单人份（8盒试纸送1台机子）,PX00000038DR02,1598.08,5
2026-04,拼团,974389937,夜间拼团（长期）【活动每天20点开始】,2台包邮欧姆龙 电子血压计(上臂式)HEM-7121,PX00010043DR02,280.0,2
2026-04,拼团,974393276,新店专享开户端口,2台包邮欧姆龙 电子血压计HEM-7121,PX00010043DR02,837.5999999999999,6
2026-04,拼团,994232997,【周五非药日】-长期端口提报,8盒包邮艾科 灵睿 血糖测试条(葡萄糖氧化酶法)艾科?灵睿（On Call EZII） 25人份 单人份（8盒试纸送1台机子）,PX00000038DR02,2244.64,12
2026-04,拼团,994233008,【周五非药日】-长期端口提报,4盒包邮艾科 EZIII 血糖测试条(葡萄糖氧化酶法)艾科?EZIII（On Call EZIII） 50人份 筒装（4盒试纸送,PX00000022DR02,142.12,1
2026-04,拼团,994233012,【周五非药日】-长期端口提报,4盒包邮艾科 EZIII 血糖测试条艾科?EZIII（On Call EZIII） 50人份 筒装（4盒试纸送1台机子）,PX00000022DR02,568.0,2
2026-04,拼团,994233021,【周五非药日】-长期端口提报,2套包邮三诺 安稳+血糖仪套装(血糖仪/血糖测试条/一次性使用末梢采血针)安稳+*1台+安稳+50支*1盒+Ⅰ型 28G 50支,PX000000418200ZZ,239.2,2
2026-04,拼团,994233024,【周五非药日】-长期端口提报,5盒包邮三诺 安稳+ 血糖测试条安稳+ 50支,PX000000418200ZZ,898.9,3
2026-04,拼团,994233027,【周五非药日】-长期端口提报,10盒包邮三诺 安稳+血糖试纸50片,PX000000418200ZZ,805.8,3
2026-04,拼团,994233041,【周五非药日】-长期端口提报,5盒包邮三诺 血糖试条安稳型 瓶装 50支,PX00000009DR02,10352.2,32
2026-04,拼团,994233044,【周五非药日】-长期端口提报,5盒包邮三诺 安稳 血糖试条安稳型 50支/盒,PX00000009DR02,9789.4,28
2026-04,拼团,994233048,【周五非药日】-长期端口提报,2台包邮欧姆龙 电子血压计HEM-7121,PX00010043DR02,140.8,1
2026-04,拼团,994233055,【周五非药日】-长期端口提报,2台包邮欧姆龙 上臂式电子血压计HEM-7121 *1台,PX00010043DR02,566.0,4
2026-05,批购包邮,1042357048,,4盒包邮 三诺 智能血糖纸条智能型 50支/盒,PX00000017DR02,220.0,1
2026-05,批购包邮,1104832504,,12盒包邮 天福 脱敏糊剂61g/支,PX000101308200ZZ,118.8,1
2026-05,批购包邮,1106070155,,6桶包邮 金博 医用胶布A型1cm*1000cm*13卷,PX000100981200ZZ,195.0,2
2026-05,批购包邮,1118641290,,10瓶包邮 海氏海诺 便携式氧气呼吸器LFBZ-1000 1000ml,PX000101225400ZZ,279.7,4
2026-05,批购包邮,1173809438,,5盒包邮 三诺 血糖试条安稳型 瓶装 50支,PX00000009DR02,230.0,1
2026-05,批购包邮,1210710866,,48袋包邮 艾暖 医用冰袋OPIS-BD-II*200g,PX000000424600ZZ,67.2,1
2026-05,拼团,1032590577,非药店铺全天拼（长期链接重点报）,2台包邮倍尔康 非接触式电子体温计JXB-178*1台,PX00010049DR02,154.0,1
2026-05,拼团,1032591271,云闪付专区,3台包邮倍尔康 非接触式电子体温计JXB-178*1台,PX00010049DR02,462.0,2
2026-05,拼团,1032663093,非药拉新必补（热门品拉新客）,10盒包邮三诺 血糖试条安准型 50支 瓶装,PX00000013DR02,594.8,2
2026-05,拼团,1091213751,非药拉新必补（热门品拉新客）,10包包邮海氏海诺 倍适威 医用护理垫成人专用型 60cm×90cm 10片,PX001011479000ZZ,6776.2,66
2026-05,拼团,1098527914,非药拉新必补（热门品拉新客）,300片包邮艾暖 暖宝宝 暖贴(一次性发热贴)96mm*130mm*1片装,PX000000413400ZZ,2995.0,61
2026-05,拼团,1098546392,非药热销起拼量曝光,4盒包邮艾科 EZIII 血糖测试条艾科?EZIII（On Call EZIII） 50人份 筒装（4盒试纸送1台机子）,PX00000022DR02,282.32,2
2026-05,拼团,1098574836,非药热销起拼量曝光,10包包邮海氏海诺 倍适威 医用护理垫成人专用型 60cm×90cm 10片,PX001011479000ZZ,91.0,1
2026-05,拼团,1099499285,【周五非药日】-长期端口提报,20盒包邮天福 脱敏糊剂120g/支,PX000101293500ZZ,1496.5,4
2026-05,拼团,1099506380,非药店铺全天拼（长期链接重点报）,5包包邮海氏海诺 倍适威 医用护理垫成人专用型?60cm×90cm 10片,PX001011479000ZZ,88.0,1
2026-05,拼团,1099548151,非药店铺全天拼（长期链接重点报）,6包包邮海氏海诺 倍适威 医用护理垫(拉拉裤型)BKLLK-XL(69cm*80cm)*10片,PX000100888400ZZ,2378.78,23
2026-05,拼团,1104040150,【周五非药日】-长期端口提报,120小袋包邮海氏海诺 医用棉签10cm 40支,PX000101259800ZZ,379.6,10
2026-05,拼团,1106072940,非药商家热销品,5桶包邮金博 医用胶布A型1cm*1000cm*13卷,PX000100981200ZZ,41.28,1
2026-05,拼团,1106612437,非药热销起拼量曝光,8盒包邮艾科 灵睿 血糖测试条艾科?灵睿（On Call EZII） 25人份 单人份,PX00000038DR02,2880.0,9
2026-05,拼团,1110642723,非药拉新必补（热门品拉新客）,10包包邮倍适威 医用护理垫方型 60cm×90cm 10片,PX001011479000ZZ,199.54000000000002,3
2026-05,拼团,1110643158,非药拉新必补（热门品拉新客）,2台包邮欧姆龙 电子血压计(手腕式)HEM-6160J*1台,PX000101172900ZZ,254.5,1
2026-05,拼团,1110650914,夜间拼团（长期）【活动每天20点开始】,10盒包邮海氏海诺 一次性使用医用外科口罩无菌耳挂式平面形 17.5cm×9.5cm *50只,PX000101140700ZZ,230.0,2
2026-05,拼团,1113101906,非药拉新必补（热门品拉新客）,2台包邮雅斯 臂式电子血压计JN-163D *1台,PX000101163900ZZ,3187.43,53
2026-05,拼团,1113127552,非药店铺全天拼（长期链接重点报）,2台包邮雅斯 臂式电子血压计JN-163D *1台,PX000101163900ZZ,1676.9499999999998,23
2026-05,拼团,1114638767,【周五非药日】-长期端口提报,48卷包邮倍适威 弹性绷带BSW-04 450cm*5cm 1卷,PX000101015500ZZ,772.8000000000001,12
2026-05,拼团,1114638769,非药店铺全天拼（长期链接重点报）,48卷包邮倍适威 弹性绷带BSW-04 450cm*5cm 1卷,PX000101015500ZZ,56.64,1
2026-05,拼团,1114638780,非药拉新必补（热门品拉新客）,120卷包邮倍适威 弹性绷带BSW-04 450cm*5cm 1卷,PX000101015500ZZ,15011.52,297
2026-05,拼团,1114645826,【周五非药日】-长期端口提报,72袋包邮海氏海诺 医用冰袋 无需冷藏Ⅱ型 120g,PX000100679500ZZ,36.6,1
2026-05,拼团,1114647152,非药商家热销品,72袋包邮海氏海诺 医用冰袋 无需冷藏Ⅱ型 120g,PX000100679500ZZ,106.2,1
2026-05,拼团,1114659890,非药拉新必补（热门品拉新客）,5盒包邮海氏海诺 叶黄素蒸汽眼罩A291*8cm*18.5cm*10袋,PX000101277000ZZ,31.3,1
2026-05,拼团,1116384222,夜间拼团（长期）【活动每天20点开始】,200片包邮艾暖 暖宝宝 暖贴(一次性发热贴)96mm*130mm*1片装,PX000000413400ZZ,376.0,8
2026-05,拼团,1116496771,非药店铺全天拼（长期链接重点报）,10瓶包邮爱心氧吧 便携式医用供氧器SFK-3 1000mL,PX000100995500ZZ,46.5,1
2026-05,拼团,1116500953,非药拉新必补（热门品拉新客）,40瓶包邮爱心氧吧 便携式医用供氧器SFK-3 1000mL,PX000100995500ZZ,1885.8899999999999,12
2026-05,拼团,1116511586,夜间拼团（长期）【活动每天20点开始】,48卷包邮倍适威 弹性绷带BSW-04 450cm*5cm 1卷,PX000101015500ZZ,406.8,7
2026-05,拼团,1118546952,非药拉新必补（热门品拉新客）,10盒包邮雅斯 血糖试纸(电化学法)GLS-77 25片*2罐 罐装,PX00280116DR02,7723.5,32
2026-05,拼团,1136212347,非药店铺全天拼（长期链接重点报）,144袋包邮倍适威 医用冰袋 无需冷藏Ⅱ型 120g,PX000100679500ZZ,0.0,0
2026-05,拼团,1137606882,云闪付专区,48盒包邮倍适威 棉签BSW-02 8cm允许偏差±1cm 200支,PX001011445200ZZ,340.08,3
2026-05,拼团,1137609363,非药拉新必补（热门品拉新客）,48盒包邮倍适威 棉签BSW-02 8cm允许偏差±1cm 200支,PX001011445200ZZ,1179.3600000000001,14
2026-05,拼团,1143228623,非药店铺全天拼（长期链接重点报）,30包包邮海氏海诺 倍适威 医用检查手套聚乙烯(PE)型 中号(M) 100只,PX001011425400ZZ,74.0,2
2026-05,拼团,1143228744,云闪付专区,72袋包邮海氏海诺 医用冰袋 无需冷藏Ⅱ型 120g,PX000100679500ZZ,168.48,3
2026-05,拼团,1143229944,非药店铺全天拼（长期链接重点报）,60袋包邮海氏海诺集团 艾暖 医用冰袋OPIS-BD-ll 120g*1袋,PX000100482000ZZ,120.0,2
2026-05,拼团,1143230795,云闪付专区,48袋包邮海氏海诺集团 艾暖 医用冰袋OPIS-BD-ll 120g*1袋,PX000100482000ZZ,1943.08,30
2026-05,拼团,1143671226,【周五非药日】-长期端口提报,90小袋包邮海氏海诺 倍适威 外科纱布敷料纱布块 8cm*10cm 8层 5块,PX000000413200ZZ,900.0,10
2026-05,拼团,1143672262,非药拉新必补（热门品拉新客）,120小袋包邮海氏海诺 倍适威 外科纱布敷料纱布块 8cm*10cm 8层 5块,PX000000413200ZZ,592.8,5
2026-05,拼团,1143672810,夜间拼团（长期）【活动每天20点开始】,90小袋包邮海氏海诺 倍适威 外科纱布敷料纱布块 8cm*10cm 8层 5块,PX000000413200ZZ,180.0,2
2026-05,拼团,1143673579,云闪付专区,60小袋包邮海氏海诺 倍适威 外科纱布敷料纱布块 8cm*10cm 8层 5块,PX000000413200ZZ,185.39999999999998,3
2026-05,拼团,1143718286,云闪付专区,5桶包邮金博 医用胶布A型1cm*1000cm*13卷,PX000100981200ZZ,1148.0,15
2026-05,拼团,1143769617,非药新开商业成长提速（3月活动）,100片包邮艾暖 暖宝宝 暖贴(一次性发热贴)96mm*130mm*1片装,PX000000413400ZZ,912.0,18
2026-05,拼团,1143802713,非药新开商业成长提速（3月活动）,5包包邮海氏海诺 倍适威 医用护理垫成人专用型 60cm×90cm 10片,PX001011479000ZZ,141.92000000000002,3
2026-05,拼团,1150328995,非药店铺全天拼（长期链接重点报）,10瓶包邮振德 便携式氧气呼吸器LFBZ-1000 1000ml,PX000101094100ZZ,562.0,5
2026-05,拼团,1165984027,非药拉新必补（热门品拉新客）,2套包邮三诺 安稳+血糖仪套装(血糖仪/血糖测试条/一次性使用末梢采血针)安稳+*1台+安稳+50支*1盒+Ⅰ型 28G 50支,PX000000418200ZZ,118.0,1
2026-05,拼团,1166010595,非药拉新必补（热门品拉新客）,20盒包邮天福 脱敏糊剂120g/支,PX000101293500ZZ,435.84,2
2026-05,拼团,1187629539,非药拉新必补（热门品拉新客）,20盒包邮艾暖 热敷贴96mm×130mm 5片,PX00050373DR02,83.85,1
2026-05,拼团,1187630455,【周五非药日】-长期端口提报,300片包邮艾暖 热敷贴96mm×130mm 5片,PX00050373DR02,390.2,6
2026-05,拼团,1190374932,【周五非药日】-长期端口提报,16盒包邮安迪美格 三角绷带纱布型96cm*96cm*136cm*1只装,PX000100997900ZZ,63.0,1
2026-05,拼团,1195611342,云闪付专区,20包包邮倍适威 75%酒精卫生湿巾150mm*180mm*50片,PX000101331500ZZ,652.8,6
2026-05,拼团,1198689978,非药商家热销品,2盒包邮康祝 真空拔罐器B1X12,PX00050094DR02,289.3,4
2026-05,拼团,1198691136,非药拉新必补（热门品拉新客）,4盒包邮康祝 真空拔罐器B1X12,PX00050094DR02,1355.7,20
2026-05,拼团,1203589447,周末拼团5.9-5.10常规,2台包邮鱼跃 臂式电子血压计YE655D *1台,PX000000405600ZZ,457.2,2
2026-05,拼团,1203601390,周末拼团5.9-5.10常规,144袋包邮海氏海诺集团 艾暖 医用冰袋OPIS-BD-ll 120g*1袋,PX000100482000ZZ,259.2,2
2026-05,拼团,1203607570,非药拉新必补（热门品拉新客）,2台包邮鱼跃 臂式电子血压计YE655D *1台,PX000000405600ZZ,21924.22,75
2026-05,拼团,1203742320,周末拼团5.9-5.10常规,2盒包邮康祝 康祝真空拔罐器B1X24,PX000100765500ZZ,98.4,1
2026-05,拼团,1203742500,非药拉新必补（热门品拉新客）,3盒包邮康祝 康祝真空拔罐器B1X24,PX000100765500ZZ,344.95,3
2026-05,拼团,1203746973,1盒包邮-非药长期拼团端口,10包包邮倍适威 75%酒精卫生湿巾150mm*180mm*50片,PX000101331500ZZ,67.2,1
2026-05,拼团,1203747800,1盒包邮-非药长期拼团端口,2盒包邮康祝 康祝真空拔罐器B1X24,PX000100765500ZZ,99.0,1
2026-05,拼团,1207009031,【周五非药日】-长期端口提报,4盒包邮海氏海诺 生理氯化钠溶液(英诺威系列)5ml*21支,PX000100998800ZZ,57.5,1
2026-05,拼团,1207015870,非药店铺全天拼（长期链接重点报）,3盒包邮海氏海诺 生理氯化钠溶液(英诺威系列)5ml*21支,PX000100998800ZZ,1548.8,22
2026-05,拼团,1207017386,夜间拼团（长期）【活动每天20点开始】,3盒包邮海氏海诺 生理氯化钠溶液(英诺威系列)5ml*21支,PX000100998800ZZ,112.0,1
2026-05,拼团,1207017866,云闪付专区,3盒包邮海氏海诺 生理氯化钠溶液(英诺威系列)5ml*21支,PX000100998800ZZ,484.9,4
2026-05,拼团,1209885411,非药周必补端口【5.12～5.18】,1台包邮欧姆龙 电子血压计(手腕式)HEM-6160J*1台,PX000101172900ZZ,1016.57,6
2026-05,拼团,1209902830,非药周必补端口【5.12～5.18】,2台包邮鱼跃 臂式电子血压计YE655D *1台,PX000000405600ZZ,22131.36,81
2026-05,拼团,1210708713,周末拼团5.16-5.17常规,72袋包邮海氏海诺集团 艾暖 医用冰袋OPIS-BD-ll 120g*1袋,PX000100482000ZZ,71.28,1
2026-05,拼团,1210825762,非药店铺全天拼（长期链接重点报）,15盒包邮倍适威 专用洗鼻盐3.6g*40袋,PX000101348400ZZ,117.45,2
2026-05,拼团,1218175277,非药周必补端口【9.12～9.18】,5盒包邮三诺 安稳 血糖试条安稳型 50支/盒,PX00000009DR02,916.2,4
2026-05,拼团,1218207762,非药周必补端口【9.12～9.18】,2台包邮欧姆龙 电子血压计(上臂式)HEM-7121,PX00010043DR02,559.2,2
2026-05,拼团,1218207946,非药周必补端口【9.12～9.18】,2台包邮鱼跃 臂式电子血压计YE655D *1台,PX000000405600ZZ,6882.8099999999995,31
2026-05,拼团,1227176625,周末拼团5.30-5.31常规,10盒包邮海氏海诺 一次性使用医用外科口罩无菌耳挂式平面形 17.5cm×9.5cm *50只,PX000101140700ZZ,230.0,1
2026-05,拼团,974385726,非药店铺全天拼（长期链接重点报）,8盒包邮艾科 灵睿 血糖测试条艾科?灵睿（On Call EZII） 25人份 单人份（8盒试纸送1台机子）,PX00000038DR02,160.8,1
2026-05,拼团,974385737,非药店铺全天拼（长期链接重点报）,8盒包邮艾科 EZIII 血糖测试条艾科?EZIII（On Call EZIII） 50人份 筒装（4盒试纸送1台机子）,PX00000022DR02,284.4,2
2026-05,拼团,974385758,非药店铺全天拼（长期链接重点报）,2套包邮三诺 安稳+血糖仪套装(血糖仪/血糖测试条/一次性使用末梢采血针)安稳+*1台+安稳+50支*1盒+Ⅰ型 28G 50支,PX00000073DR02,119.0,1
2026-05,拼团,974385821,非药店铺全天拼（长期链接重点报）,2台包邮欧姆龙 电子血压计HEM-7121,PX00010043DR02,305.8,1
2026-05,拼团,974389887,夜间拼团（长期）【活动每天20点开始】,8盒包邮艾科 灵睿 血糖测试条艾科?灵睿（On Call EZII） 25人份 单人份（8盒试纸送1台机子）,PX00000038DR02,159.92,1
2026-05,拼团,994232993,【周五非药日】-长期端口提报,1台包邮雅斯 臂式电子血压计JN-163B *1台,PX000011381600ZZ,0.0,0
2026-05,拼团,994232997,【周五非药日】-长期端口提报,8盒包邮艾科 灵睿 血糖测试条(葡萄糖氧化酶法)艾科?灵睿（On Call EZII） 25人份 单人份（8盒试纸送1台机子）,PX00000038DR02,1121.36,3
2026-05,拼团,994233005,【周五非药日】-长期端口提报,8盒包邮艾科 灵睿 血糖测试条艾科?灵睿（On Call EZII） 25人份 单人份（8盒试纸送1台机子）,PX00000038DR02,160.8,1
2026-05,拼团,994233008,【周五非药日】-长期端口提报,4盒包邮艾科 EZIII 血糖测试条(葡萄糖氧化酶法)艾科?EZIII（On Call EZIII） 50人份 筒装（4盒试纸送,PX00000022DR02,284.0,1
2026-05,拼团,994233012,【周五非药日】-长期端口提报,4盒包邮艾科 EZIII 血糖测试条艾科?EZIII（On Call EZIII） 50人份 筒装（4盒试纸送1台机子）,PX00000022DR02,425.76,1
2026-05,拼团,994233015,【周五非药日】-长期端口提报,10盒包邮三诺 血糖试条GA-3型 50支 瓶装,PX00000132DR02,138.5,1
2026-05,拼团,994233021,【周五非药日】-长期端口提报,2套包邮三诺 安稳+血糖仪套装(血糖仪/血糖测试条/一次性使用末梢采血针)安稳+*1台+安稳+50支*1盒+Ⅰ型 28G 50支,PX000000418200ZZ,119.6,1
