date,product_key,product_name,purchase_amount,order_count,mapping_quality_status
2026-04-01,PX00000009DR02,5盒包邮三诺 安稳 血糖试条安稳型 50支/盒,952.4,3,CONFLICT
2026-04-01,PX00000022DR02,4盒包邮艾科 EZIII 血糖测试条艾科?EZIII（On Call EZIII） 50人份 筒装（4盒试纸送1台机子）,141.16,1,VALID
2026-04-01,PX00000038DR02,8盒包邮艾科 灵睿 血糖测试条艾科?灵睿（On Call EZII） 25人份 单人份,320.0,1,CONFLICT
2026-04-01,PX000000405600ZZ,2台包邮鱼跃 臂式电子血压计YE655D *1台,4445.61,16,VALID
2026-04-01,PX000000413200ZZ,90小袋包邮海氏海诺 倍适威 外科纱布敷料纱布块 8cm*10cm 8层 5块,450.0,5,VALID
2026-04-01,PX000000418200ZZ,5盒包邮三诺 安稳+ 血糖测试条安稳+ 50支,2147.1,8,CONFLICT
2026-04-01,PX00000073DR02,2套包邮三诺 安稳+血糖仪套装(血糖仪/血糖测试条/一次性使用末梢采血针)安稳+*1台+安稳+50支*1盒+Ⅰ型 28G 50支,588.0,1,VALID
2026-04-01,PX000011381900ZZ,20盒包邮雅斯 血糖试纸(电化学法)GLS-73 25片*2罐 罐装,347.4,1,VALID
2026-04-01,PX00010043DR02,5台包邮欧姆龙 电子血压计(上臂式)HEM-7121,4825.31,8,CONFLICT
2026-04-01,PX000100482400ZZ,2台包邮欧姆龙 电子血压计(上臂式)HEM-8102K,1259.84,5,VALID
2026-04-01,PX000100995500ZZ,40瓶包邮爱心氧吧 便携式医用供氧器SFK-3 1000mL,167.6,1,VALID
2026-04-01,PX000101163900ZZ,2台包邮雅斯 臂式电子血压计JN-163D *1台,243.08,3,VALID
2026-04-01,PX000101268600ZZ,2台包邮欧姆龙 电子血压计(上臂式)L15,227.54,1,VALID
2026-04-01,PX000101293500ZZ,12盒包邮天福 脱敏糊剂120g/支,1149.75,2,VALID
2026-04-01,PX001011479000ZZ,10包包邮海氏海诺 倍适威 医用护理垫成人专用型 60cm×90cm 10片,647.25,5,CONFLICT
2026-04-02,PX00000009DR02,5盒包邮三诺 安稳 血糖试条安稳型 50支/盒,2493.0,7,CONFLICT
2026-04-02,PX00000013DR02,10盒包邮三诺 血糖试条安准型 50支 瓶装,892.2,3,VALID
2026-04-02,PX00000022DR02,4盒包邮艾科 EZIII 血糖测试条艾科?EZIII（On Call EZIII） 50人份 筒装（4盒试纸送1台机子）,141.16,1,VALID
2026-04-02,PX00000038DR02,8盒包邮艾科 灵睿 血糖测试条艾科?灵睿（On Call EZII） 25人份 单人份（8盒试纸送1台机子）,159.92,1,CONFLICT
2026-04-02,PX000000405600ZZ,2台包邮鱼跃 臂式电子血压计YE655D *1台,7399.6,26,VALID
2026-04-02,PX000000413200ZZ,90小袋包邮海氏海诺 倍适威 外科纱布敷料纱布块 8cm*10cm 8层 5块,180.0,2,VALID
2026-04-02,PX000000413400ZZ,100片包邮艾暖 暖宝宝 暖贴(一次性发热贴)96mm*130mm*1片装,47.0,1,VALID
2026-04-02,PX000000418200ZZ,5盒包邮三诺 安稳+ 血糖测试条安稳+ 50支,7857.5,23,CONFLICT
2026-04-02,PX00000132DR02,5盒包邮三诺 血糖试条GA-3型 50支 瓶装,275.4,2,VALID
2026-04-02,PX00010043DR02,2台包邮欧姆龙 电子血压计HEM-7121,2483.72,7,CONFLICT
2026-04-02,PX000100482400ZZ,2台包邮欧姆龙 电子血压计(上臂式)HEM-8102K,254.0,1,VALID
2026-04-02,PX00010049DR02,3台包邮倍尔康 非接触式电子体温计JXB-178*1台,201.3,1,CONFLICT
2026-04-02,PX000100939600ZZ,30中袋30袋包邮 艾暖 一次性输液加温贴(一次性发热贴)96mm*130mm*1片装,495.0,1,VALID
2026-04-02,PX000100995500ZZ,40瓶包邮爱心氧吧 便携式医用供氧器SFK-3 1000mL,335.2,2,VALID
2026-04-02,PX000101015500ZZ,36卷包邮 倍适威 弹性绷带BSW-04 450cm*5cm 1卷,43.92,1,VALID
2026-04-02,PX000101094100ZZ,10瓶包邮振德 便携式氧气呼吸器LFBZ-1000 1000ml,94.0,1,VALID
2026-04-02,PX000101163900ZZ,2台包邮雅斯 臂式电子血压计JN-163D *1台,365.76,2,VALID
2026-04-02,PX000101268600ZZ,2台包邮欧姆龙 电子血压计(上臂式)L15,227.54,1,VALID
2026-04-02,PX001011479000ZZ,10包包邮海氏海诺 倍适威 医用护理垫成人专用型 60cm×90cm 10片,776.7,8,CONFLICT
2026-04-03,PX00000009DR02,5盒包邮三诺 安稳 血糖试条安稳型 50支/盒,2038.0,5,CONFLICT
2026-04-03,PX00000013DR02,10盒包邮三诺 血糖试条安准型 50支 瓶装,0.0,0,VALID
2026-04-03,PX00000022DR02,4盒包邮艾科 EZIII 血糖测试条艾科?EZIII（On Call EZIII） 50人份 筒装,139.76,1,VALID
2026-04-03,PX00000038DR02,8盒包邮艾科 灵睿 血糖测试条(葡萄糖氧化酶法)艾科?灵睿（On Call EZII） 25人份 单人份（8盒试纸送1台机子）,160.4,1,CONFLICT
2026-04-03,PX000000405600ZZ,2台包邮鱼跃 臂式电子血压计YE655D *1台,8689.45,31,VALID
2026-04-03,PX000000413200ZZ,90小袋包邮海氏海诺 倍适威 外科纱布敷料纱布块 8cm*10cm 8层 5块,180.0,2,VALID
2026-04-03,PX000000413400ZZ,100片包邮艾暖 暖宝宝 暖贴(一次性发热贴)96mm*130mm*1片装,47.0,1,VALID
2026-04-03,PX000000418200ZZ,5盒包邮三诺 安稳+ 血糖测试条安稳+ 50支,5584.2,18,CONFLICT
2026-04-03,PX00000132DR02,5盒包邮三诺 血糖试条GA-3型 50支 瓶装,413.5,3,VALID
2026-04-03,PX000011381900ZZ,20盒包邮雅斯 血糖试纸(电化学法)GLS-73 25片*2罐 罐装,347.4,1,VALID
2026-04-03,PX00010043DR02,2台包邮 欧姆龙 电子血压计(上臂式)HEM-7121,4271.23,11,CONFLICT
2026-04-03,PX000100482000ZZ,48袋包邮海氏海诺集团 艾暖 医用冰袋OPIS-BD-ll 120g*1袋,48.0,1,VALID
2026-04-03,PX000100482400ZZ,2台包邮欧姆龙 电子血压计(上臂式)HEM-8102K,502.92,2,VALID
2026-04-03,PX00010049DR02,2台包邮倍尔康 非接触式红外体温计JXB-178*1台,337.01,2,CONFLICT
2026-04-03,PX000100995500ZZ,10瓶包邮爱心氧吧 便携式医用供氧器SFK-3 1000mL,253.2,2,VALID
2026-04-03,PX000101015500ZZ,36卷包邮倍适威 弹性绷带BSW-04 450cm*5cm 1卷,42.12,1,VALID
2026-04-03,PX000101163900ZZ,2台包邮雅斯 臂式电子血压计JN-163D *1台,0.0,0,VALID
2026-04-03,PX000101293500ZZ,12盒包邮 天福 脱敏糊剂120g/支,365.6,1,VALID
2026-04-03,PX001011425400ZZ,40包包邮海氏海诺 倍适威 医用检查手套聚乙烯(PE)型 中号(M) 100只,65.2,1,VALID
2026-04-03,PX001011479000ZZ,10包包邮海氏海诺 倍适威 医用护理垫成人专用型 60cm×90cm 10片,431.5,4,CONFLICT
2026-04-04,PX00000009DR02,5盒包邮三诺 安稳 血糖试条安稳型 50支/盒,908.0,4,CONFLICT
2026-04-04,PX00000022DR02,4盒包邮艾科 EZIII 血糖测试条艾科?EZIII（On Call EZIII） 50人份 筒装,3214.48,8,VALID
2026-04-04,PX000000405600ZZ,2台包邮鱼跃 臂式电子血压计YE655D *1台,6721.66,22,VALID
2026-04-04,PX000000413200ZZ,90小袋包邮海氏海诺 倍适威 外科纱布敷料纱布块 8cm*10cm 8层 5块,90.0,1,VALID
2026-04-04,PX000000418200ZZ,5盒包邮三诺 安稳+ 血糖测试条安稳+ 50支,6161.6,20,CONFLICT
2026-04-04,PX00000132DR02,5盒包邮三诺 血糖试条GA-3型 50支 瓶装,275.2,2,VALID
2026-04-04,PX00010043DR02,2台包邮欧姆龙 电子血压计HEM-7121,1382.14,5,CONFLICT
2026-04-04,PX000100482000ZZ,48袋包邮海氏海诺集团 艾暖 医用冰袋OPIS-BD-ll 120g*1袋,48.0,1,VALID
2026-04-04,PX000100482400ZZ,2台包邮欧姆龙 电子血压计(上臂式)HEM-8102K,502.92,2,VALID
2026-04-04,PX00010049DR02,2台包邮倍尔康 非接触式红外体温计JXB-178*1台,202.44,1,CONFLICT
2026-04-04,PX000101015500ZZ,36卷包邮倍适威 弹性绷带BSW-04 450cm*5cm 1卷,41.76,1,VALID
2026-04-04,PX000101258400ZZ,2盒包邮甘李 秀霖笔 笔式胰岛素注射器XLB01E 1支,131.1,1,VALID
2026-04-04,PX000101293500ZZ,12盒包邮天福 脱敏糊剂120g/支,583.64,2,VALID
2026-04-04,PX001011425400ZZ,40包包邮海氏海诺 倍适威 医用检查手套聚乙烯(PE)型 中号(M) 100只,65.2,1,VALID
2026-04-04,PX001011479000ZZ,10包包邮海氏海诺 倍适威 医用护理垫成人专用型 60cm×90cm 10片,681.77,7,CONFLICT
2026-04-05,PX00000009DR02,5盒包邮三诺 安稳 血糖试条安稳型 50支/盒,1360.0,4,CONFLICT
2026-04-05,PX00000022DR02,4盒包邮艾科 EZIII 血糖测试条艾科?EZIII（On Call EZIII） 50人份 筒装,139.76,1,VALID
2026-04-05,PX000000405600ZZ,2台包邮鱼跃 臂式电子血压计YE655D *1台,4669.34,15,VALID
2026-04-05,PX000000413200ZZ,90小袋包邮海氏海诺 倍适威 外科纱布敷料纱布块 8cm*10cm 8层 5块,90.0,1,VALID
2026-04-05,PX000000418200ZZ,5盒包邮三诺 安稳+ 血糖测试条安稳+ 50支,3575.25,13,CONFLICT
2026-04-05,PX00000073DR02,2套包邮三诺 安稳+血糖仪套装(血糖仪/血糖测试条/一次性使用末梢采血针)安稳+*1台+安稳+50支*1盒+Ⅰ型 28G 50支,236.0,1,VALID
2026-04-05,PX00000132DR02,5盒包邮三诺 血糖试条GA-3型 50支 瓶装,574.98,3,VALID
2026-04-05,PX00010043DR02,2台包邮欧姆龙 电子血压计(上臂式)HEM-7121,1794.3,4,CONFLICT
2026-04-05,PX000100482000ZZ,48袋包邮海氏海诺集团 艾暖 医用冰袋OPIS-BD-ll 120g*1袋,48.0,1,VALID
2026-04-05,PX00010049DR02,2台包邮倍尔康 非接触式红外体温计JXB-178*1台,134.96,1,CONFLICT
2026-04-05,PX000100995500ZZ,40瓶包邮爱心氧吧 便携式医用供氧器SFK-3 1000mL,502.8,3,VALID
2026-04-05,PX000101015500ZZ,36卷包邮倍适威 弹性绷带BSW-04 450cm*5cm 1卷,41.76,1,VALID
2026-04-05,PX000101258400ZZ,2盒包邮甘李 秀霖笔 笔式胰岛素注射器XLB01E 1支,131.1,1,VALID
2026-04-05,PX000101293500ZZ,12盒包邮天福 脱敏糊剂120g/支,219.0,1,VALID
2026-04-05,PX001011425400ZZ,40包包邮海氏海诺 倍适威 医用检查手套聚乙烯(PE)型 中号(M) 100只,64.8,1,VALID
2026-04-05,PX001011479000ZZ,10包包邮海氏海诺 倍适威 医用护理垫成人专用型 60cm×90cm 10片,258.9,2,CONFLICT
2026-04-06,PX00000009DR02,5盒包邮三诺 安稳 血糖试条安稳型 50支/盒,2038.0,5,CONFLICT
2026-04-06,PX00000022DR02,4盒包邮艾科 EZIII 血糖测试条艾科?EZIII（On Call EZIII） 50人份 筒装（4盒试纸送1台机子）,284.0,1,VALID
2026-04-06,PX00000038DR02,8盒包邮艾科 灵睿 血糖测试条艾科?灵睿（On Call EZII） 25人份 单人份,480.4,3,CONFLICT
2026-04-06,PX000000405600ZZ,2台包邮鱼跃 臂式电子血压计YE655D *1台,7521.34,23,VALID
2026-04-06,PX000000413200ZZ,90小袋包邮海氏海诺 倍适威 外科纱布敷料纱布块 8cm*10cm 8层 5块,180.0,2,VALID
2026-04-06,PX000000413400ZZ,100片包邮艾暖 暖宝宝 暖贴(一次性发热贴)96mm*130mm*1片装,141.0,3,VALID
2026-04-06,PX000000418200ZZ,5盒包邮三诺 安稳+ 血糖测试条安稳+ 50支,4734.7,15,CONFLICT
2026-04-06,PX00000132DR02,5盒包邮三诺 血糖试条GA-3型 50支 瓶装,276.6,2,VALID
2026-04-06,PX00010043DR02,2台包邮欧姆龙 电子血压计HEM-7121,1796.54,6,CONFLICT
2026-04-06,PX00010049DR02,3台包邮倍尔康 非接触式电子体温计JXB-178*1台,1006.0,4,CONFLICT
2026-04-06,PX000100888300ZZ,10包包邮倍适威 医用护理垫(成人拉拉裤)BKLLK-L码 60cm*73cm*10片,0.0,0,VALID
2026-04-06,PX000100888400ZZ,5包包邮海氏海诺 倍适威 医用护理垫(拉拉裤型)BKLLK-XL(69cm*80cm)*10片,143.3,1,VALID
2026-04-06,PX000100995500ZZ,40瓶包邮爱心氧吧 便携式医用供氧器SFK-3 1000mL,335.2,2,VALID
2026-04-06,PX000101163900ZZ,2台包邮雅斯 臂式电子血压计JN-163D *1台,60.86,1,VALID
2026-04-06,PX000101258400ZZ,2盒包邮甘李 秀霖笔 笔式胰岛素注射器XLB01E 1支,262.2,2,VALID
2026-04-06,PX000101268600ZZ,2台包邮欧姆龙 电子血压计(上臂式)L15,455.08,2,VALID
2026-04-06,PX000101293500ZZ,12盒包邮天福 脱敏糊剂120g/支,437.28,2,VALID
2026-04-06,PX001011425400ZZ,40包包邮海氏海诺 倍适威 医用检查手套聚乙烯(PE)型 中号(M) 100只,64.8,1,VALID
2026-04-06,PX001011479000ZZ,10包包邮海氏海诺 倍适威 医用护理垫成人专用型 60cm×90cm 10片,1294.5,13,CONFLICT
2026-04-07,PX00000013DR02,10盒包邮三诺 血糖试条安准型 50支 瓶装,889.2,3,VALID
2026-04-07,PX00000022DR02,4盒包邮艾科 EZIII 血糖测试条艾科?EZIII（On Call EZIII） 50人份 筒装,139.76,1,VALID
2026-04-07,PX00000038DR02,8盒包邮艾科 灵睿 血糖测试条(葡萄糖氧化酶法)艾科?灵睿（On Call EZII） 25人份 单人份（8盒试纸送1台机子）,1120.4,3,CONFLICT
2026-04-07,PX000000405600ZZ,2台包邮鱼跃 臂式电子血压计YE655D *1台,5900.32,23,VALID
2026-04-07,PX000000413200ZZ,90小袋包邮海氏海诺 倍适威 外科纱布敷料纱布块 8cm*10cm 8层 5块,270.0,3,VALID
2026-04-07,PX000000413400ZZ,100片包邮艾暖 暖宝宝 暖贴(一次性发热贴)96mm*130mm*1片装,47.0,1,VALID
2026-04-07,PX000000418200ZZ,5盒包邮三诺 安稳+ 血糖测试条安稳+ 50支,3345.0,9,CONFLICT
2026-04-07,PX00000132DR02,5盒包邮三诺 血糖试条GA-3型 50支 瓶装,275.2,2,VALID
2026-04-07,PX00010043DR02,2台包邮 欧姆龙 电子血压计(上臂式)HEM-7121,4432.0,8,CONFLICT
2026-04-07,PX00010049DR02,3台包邮倍尔康 非接触式电子体温计JXB-178*1台,201.3,1,CONFLICT
2026-04-07,PX000100995500ZZ,40瓶包邮爱心氧吧 便携式医用供氧器SFK-3 1000mL,167.6,1,VALID
2026-04-07,PX000101015500ZZ,36卷包邮倍适威 弹性绷带BSW-04 450cm*5cm 1卷,42.12,1,VALID
2026-04-07,PX000101163900ZZ,2台包邮雅斯 臂式电子血压计JN-163D *1台,213.43,2,VALID
2026-04-07,PX000101258400ZZ,2盒包邮甘李 秀霖笔 笔式胰岛素注射器XLB01E 1支,262.2,2,VALID
2026-04-07,PX000101259800ZZ,80小袋包邮海氏海诺 医用棉签10cm 40支,96.8,2,VALID
2026-04-07,PX000101293500ZZ,12盒包邮天福 脱敏糊剂120g/支,766.14,2,VALID
2026-04-07,PX001011479000ZZ,10包包邮海氏海诺 倍适威 医用护理垫成人专用型 60cm×90cm 10片,690.4,6,CONFLICT
2026-04-08,PX00000009DR02,4盒包邮三诺 安稳 血糖试条安稳型 50支/盒,499.4,2,CONFLICT
2026-04-08,PX00000022DR02,4盒包邮艾科 EZIII 血糖测试条艾科?EZIII（On Call EZIII） 50人份 筒装（4盒试纸送1台机子）,284.0,1,VALID
2026-04-08,PX00000038DR02,8盒包邮艾科 灵睿 血糖测试条艾科?灵睿（On Call EZII） 25人份 单人份,320.0,2,CONFLICT
2026-04-08,PX000000405600ZZ,2台包邮鱼跃 臂式电子血压计YE655D *1台,3626.77,14,VALID
2026-04-08,PX000000418200ZZ,5盒包邮三诺 安稳+ 血糖测试条安稳+ 50支,7903.0,23,CONFLICT
2026-04-08,PX00000132DR02,5盒包邮三诺 血糖试条GA-3型 50支 瓶装,276.6,2,VALID
2026-04-08,PX00010043DR02,1台包邮欧姆龙 电子血压计(上臂式)HEM-7121,694.0,3,CONFLICT
2026-04-08,PX000100482000ZZ,48袋包邮海氏海诺集团 艾暖 医用冰袋OPIS-BD-ll 120g*1袋,96.0,2,VALID
2026-04-08,PX00010049DR02,2台包邮倍尔康 非接触式红外体温计JXB-178*1台,940.42,5,CONFLICT
2026-04-08,PX000100981200ZZ,5桶包邮金博 医用胶布A型1cm*1000cm*13卷,63.8,1,VALID
2026-04-08,PX000100995500ZZ,40瓶包邮爱心氧吧 便携式医用供氧器SFK-3 1000mL,342.4,2,VALID
2026-04-08,PX000101163900ZZ,2台包邮雅斯 臂式电子血压计JN-163D *1台,213.31,2,VALID
2026-04-08,PX001011425400ZZ,40包包邮海氏海诺 倍适威 医用检查手套聚乙烯(PE)型 中号(M) 100只,194.4,3,VALID
2026-04-09,PX00000009DR02,4盒包邮三诺 安稳 血糖试条安稳型 50支/盒,909.4,4,CONFLICT
2026-04-09,PX00000022DR02,4盒包邮艾科 EZIII 血糖测试条艾科?EZIII（On Call EZIII） 50人份 筒装,139.76,1,VALID
2026-04-09,PX00000038DR02,8盒包邮艾科 灵睿 血糖测试条艾科?灵睿（On Call EZII） 25人份 单人份（8盒试纸送1台机子）,1118.72,3,CONFLICT
2026-04-09,PX000000405600ZZ,2台包邮鱼跃 臂式电子血压计YE655D *1台,5787.27,22,VALID
2026-04-09,PX000000413200ZZ,90小袋包邮海氏海诺 倍适威 外科纱布敷料纱布块 8cm*10cm 8层 5块,90.0,1,VALID
2026-04-09,PX000000418200ZZ,5盒包邮三诺 安稳+ 血糖测试条安稳+ 50支,2321.6,7,CONFLICT
2026-04-09,PX00010043DR02,2台包邮 欧姆龙 电子血压计(上臂式)HEM-7121,1525.8,5,CONFLICT
2026-04-09,PX000101163900ZZ,2台包邮雅斯 臂式电子血压计JN-163D *1台,121.72,2,VALID
2026-04-09,PX000101293500ZZ,12盒包邮天福 脱敏糊剂120g/支,219.0,1,VALID
2026-04-09,PX001011425400ZZ,40包包邮海氏海诺 倍适威 医用检查手套聚乙烯(PE)型 中号(M) 100只,64.8,1,VALID
2026-04-10,PX00000009DR02,5盒包邮三诺 安稳 血糖试条安稳型 50支/盒,6917.9,18,CONFLICT
2026-04-10,PX00000022DR02,4盒包邮艾科 EZIII 血糖测试条艾科?EZIII（On Call EZIII） 50人份 筒装,697.52,4,VALID
2026-04-10,PX00000038DR02,8盒包邮艾科 灵睿 血糖测试条(葡萄糖氧化酶法)艾科?灵睿（On Call EZII） 25人份 单人份（8盒试纸送1台机子）,480.4,2,CONFLICT
2026-04-10,PX000000405600ZZ,2台包邮鱼跃 臂式电子血压计YE655D *1台,8350.9,33,VALID
2026-04-10,PX000000418200ZZ,5盒包邮三诺 安稳+ 血糖测试条安稳+ 50支,668.25,1,CONFLICT
2026-04-10,PX00000132DR02,5盒包邮三诺 血糖试条GA-3型 50支 瓶装,547.6,1,VALID
2026-04-10,PX00010043DR02,2台包邮 欧姆龙 电子血压计(上臂式)HEM-7121,4959.93,11,CONFLICT
2026-04-10,PX00010049DR02,2台包邮倍尔康 非接触式红外体温计JXB-178*1台,0.0,0,CONFLICT
2026-04-10,PX000100888400ZZ,5包包邮海氏海诺 倍适威 医用护理垫(拉拉裤型)BKLLK-XL(69cm*80cm)*10片,71.65,1,VALID
2026-04-10,PX000100995500ZZ,40瓶包邮爱心氧吧 便携式医用供氧器SFK-3 1000mL,167.6,1,VALID
2026-04-10,PX000101163900ZZ,2台包邮雅斯 臂式电子血压计JN-163D *1台,60.86,1,VALID
2026-04-10,PX000101268600ZZ,2台包邮欧姆龙 电子血压计(上臂式)L15,225.68,1,VALID
2026-04-10,PX000101293500ZZ,12盒包邮天福 脱敏糊剂120g/支,875.04,4,VALID
2026-04-11,PX00000009DR02,5盒包邮三诺 安稳 血糖试条安稳型 50支/盒,5288.9,17,CONFLICT
2026-04-11,PX00000022DR02,4盒包邮艾科 EZIII 血糖测试条艾科?EZIII（On Call EZIII） 50人份 筒装,698.16,5,VALID
2026-04-11,PX00000038DR02,8盒包邮艾科 灵睿 血糖测试条(葡萄糖氧化酶法)艾科?灵睿（On Call EZII） 25人份 单人份（8盒试纸送1台机子）,160.4,1,CONFLICT
2026-04-11,PX000000405600ZZ,2台包邮鱼跃 臂式电子血压计YE655D *1台,11002.01,43,VALID
2026-04-11,PX000000413200ZZ,90小袋包邮海氏海诺 倍适威 外科纱布敷料纱布块 8cm*10cm 8层 5块,180.0,2,VALID
2026-04-11,PX000000418200ZZ,5盒包邮三诺 安稳+ 血糖测试条安稳+ 50支,893.5,3,CONFLICT
2026-04-11,PX00000132DR02,5盒包邮三诺 血糖试条GA-3型 50支 瓶装,273.8,1,VALID
2026-04-11,PX00010043DR02,2台包邮 欧姆龙 电子血压计(上臂式)HEM-7121,5503.84,19,CONFLICT
2026-04-11,PX00010049DR02,3台包邮倍尔康 非接触式电子体温计JXB-178*1台,402.6,2,CONFLICT
2026-04-11,PX000101163900ZZ,2台包邮雅斯 臂式电子血压计JN-163D *1台,121.24,2,VALID
2026-04-12,PX00000009DR02,5盒包邮三诺 安稳 血糖试条安稳型 50支/盒,5736.9,17,CONFLICT
2026-04-12,PX00000022DR02,4盒包邮艾科 EZIII 血糖测试条艾科?EZIII（On Call EZIII） 50人份 筒装,698.16,4,VALID
2026-04-12,PX00000038DR02,8盒包邮艾科 灵睿 血糖测试条艾科?灵睿（On Call EZII） 25人份 单人份,160.0,1,CONFLICT
2026-04-12,PX000000405600ZZ,2台包邮鱼跃 臂式电子血压计YE655D *1台,229.64,1,VALID
2026-04-12,PX000000418200ZZ,5盒包邮三诺 安稳+ 血糖测试条安稳+ 50支,2541.85,6,CONFLICT
2026-04-12,PX00000132DR02,5盒包邮三诺 血糖试条GA-3型 50支 瓶装,136.9,1,VALID
2026-04-12,PX00010043DR02,2台包邮 欧姆龙 电子血压计(上臂式)HEM-7121,3164.52,10,CONFLICT
2026-04-12,PX00010049DR02,2台包邮倍尔康 非接触式红外体温计JXB-178*1台,671.16,4,CONFLICT
2026-04-12,PX000100888400ZZ,5包包邮海氏海诺 倍适威 医用护理垫(拉拉裤型)BKLLK-XL(69cm*80cm)*10片,114.64,1,VALID
2026-04-12,PX000101015500ZZ,36卷包邮倍适威 弹性绷带BSW-04 450cm*5cm 1卷,127.44,1,VALID
2026-04-12,PX000101173000ZZ,2台包邮欧姆龙 电子血压计HEM-7125J,260.38,1,VALID
2026-04-12,PX000101259800ZZ,80小袋包邮海氏海诺 医用棉签10cm 40支,28.8,1,VALID
2026-04-12,PX000101293500ZZ,12盒包邮天福 脱敏糊剂120g/支,2030.32,7,VALID
2026-04-13,PX00000009DR02,5盒包邮三诺 安稳 血糖试条安稳型 50支/盒,10530.6,33,CONFLICT
2026-04-13,PX00000022DR02,4盒包邮艾科 EZIII 血糖测试条艾科?EZIII（On Call EZIII） 50人份 筒装,701.24,4,VALID
2026-04-13,PX00000038DR02,8盒包邮艾科 灵睿 血糖测试条(葡萄糖氧化酶法)艾科?灵睿（On Call EZII） 25人份 单人份（8盒试纸送1台机子）,641.12,3,CONFLICT
2026-04-13,PX000000405600ZZ,2台包邮鱼跃 臂式电子血压计YE655D *1台,5466.55,18,VALID
2026-04-13,PX000000418200ZZ,5盒包邮三诺 安稳+ 血糖测试条安稳+ 50支,568.25,3,CONFLICT
2026-04-13,PX00000132DR02,5盒包邮三诺 血糖试条GA-3型 50支 瓶装,549.0,3,VALID
2026-04-13,PX00010043DR02,2台包邮欧姆龙 电子血压计HEM-7121,2765.56,6,CONFLICT
2026-04-13,PX000100482000ZZ,60袋包邮海氏海诺集团 艾暖 医用冰袋OPIS-BD-ll 120g*1袋,144.0,1,VALID
2026-04-13,PX00010049DR02,2台包邮倍尔康 非接触式红外体温计JXB-178*1台,1484.46,9,CONFLICT
2026-04-13,PX000100995500ZZ,40瓶包邮爱心氧吧 便携式医用供氧器SFK-3 1000mL,335.2,2,VALID
2026-04-13,PX000101015500ZZ,36卷包邮 倍适威 弹性绷带BSW-04 450cm*5cm 1卷,43.92,1,VALID
2026-04-13,PX000101163900ZZ,2台包邮雅斯 臂式电子血压计JN-163D *1台,60.98,1,VALID
2026-04-13,PX000101225400ZZ,10瓶包邮 海氏海诺 便携式氧气呼吸器LFBZ-1000 1000ml,69.7,1,VALID
2026-04-13,PX000101258400ZZ,2盒包邮甘李 秀霖笔 笔式胰岛素注射器XLB01E 1支,457.31,2,VALID
2026-04-13,PX001011479000ZZ,5包包邮海氏海诺 倍适威 医用护理垫成人专用型 60cm×90cm 10片,86.9,1,CONFLICT
2026-04-14,PX00000009DR02,5盒包邮三诺 安稳 血糖试条安稳型 50支/盒,9170.1,27,CONFLICT
2026-04-14,PX00000022DR02,4盒包邮艾科 EZIII 血糖测试条艾科?EZIII（On Call EZIII） 50人份 筒装,1401.8,6,VALID
2026-04-14,PX00000038DR02,8盒包邮艾科 灵睿 血糖测试条(葡萄糖氧化酶法)艾科?灵睿（On Call EZII） 25人份 单人份（8盒试纸送1台机子）,160.4,1,CONFLICT
2026-04-14,PX000000405600ZZ,2台包邮鱼跃 臂式电子血压计YE655D *1台,6588.5,18,VALID
2026-04-14,PX000000413400ZZ,100片包邮艾暖 暖宝宝 暖贴(一次性发热贴)96mm*130mm*1片装,47.0,1,VALID
2026-04-14,PX00000132DR02,5盒包邮三诺 血糖试条GA-3型 50支 瓶装,958.3,3,VALID
2026-04-14,PX00010043DR02,2台包邮 欧姆龙 电子血压计(上臂式)HEM-7121,4968.69,8,CONFLICT
2026-04-14,PX00010049DR02,3台包邮倍尔康 非接触式电子体温计JXB-178*1台,402.6,2,CONFLICT
2026-04-14,PX000100888400ZZ,5包包邮海氏海诺 倍适威 医用护理垫(拉拉裤型)BKLLK-XL(69cm*80cm)*10片,71.65,1,VALID
2026-04-14,PX000101094100ZZ,10瓶包邮振德 便携式氧气呼吸器LFBZ-1000 1000ml,94.0,1,VALID
2026-04-14,PX000101163900ZZ,2台包邮雅斯 臂式电子血压计JN-163D *1台,182.58,3,VALID
2026-04-14,PX000101258400ZZ,2盒包邮甘李 秀霖笔 笔式胰岛素注射器XLB01E 1支,3789.14,13,VALID
2026-04-14,PX001011479000ZZ,10包包邮海氏海诺 倍适威 医用护理垫成人专用型 60cm×90cm 10片,86.3,1,CONFLICT
2026-04-15,PX00000009DR02,5盒包邮三诺 安稳 血糖试条安稳型 50支/盒,4425.6,12,CONFLICT
2026-04-15,PX00000022DR02,4盒包邮艾科 EZIII 血糖测试条艾科?EZIII（On Call EZIII） 50人份 筒装,139.76,1,VALID
2026-04-15,PX00000038DR02,8盒包邮艾科 灵睿 血糖测试条艾科?灵睿（On Call EZII） 25人份 单人份,320.0,2,CONFLICT
2026-04-15,PX000000405600ZZ,2台包邮鱼跃 臂式电子血压计YE655D *1台,2273.5,9,VALID
2026-04-15,PX000000413200ZZ,90小袋包邮海氏海诺 倍适威 外科纱布敷料纱布块 8cm*10cm 8层 5块,90.0,1,VALID
2026-04-15,PX00000132DR02,5盒包邮三诺 血糖试条GA-3型 50支 瓶装,191.66,1,VALID
2026-04-15,PX00010043DR02,2台包邮欧姆龙 电子血压计HEM-7121,1246.5,4,CONFLICT
2026-04-15,PX000100482000ZZ,48袋包邮海氏海诺集团 艾暖 医用冰袋OPIS-BD-ll 120g*1袋,48.0,1,VALID
2026-04-15,PX000100482400ZZ,2台包邮欧姆龙 电子血压计(上臂式)HEM-8102K,511.08,2,VALID
2026-04-15,PX00010049DR02,2台包邮倍尔康 非接触式电子体温计JXB-178*1台,279.78,2,CONFLICT
2026-04-15,PX000100888400ZZ,5包包邮海氏海诺 倍适威 医用护理垫(拉拉裤型)BKLLK-XL(69cm*80cm)*10片,71.65,1,VALID
2026-04-15,PX000100995500ZZ,10瓶包邮爱心氧吧 便携式医用供氧器SFK-3 1000mL,42.8,1,VALID
2026-04-15,PX000101163900ZZ,2台包邮雅斯 臂式电子血压计JN-163D *1台,121.96,2,VALID
2026-04-15,PX000101225400ZZ,10瓶包邮 海氏海诺 便携式氧气呼吸器LFBZ-1000 1000ml,383.8,2,VALID
2026-04-15,PX000101258400ZZ,2盒包邮甘李 秀霖笔 笔式胰岛素注射器XLB01E 1支,1561.32,10,VALID
2026-04-15,PX000101259800ZZ,80小袋包邮海氏海诺 医用棉签10cm 40支,28.8,1,VALID
2026-04-15,PX000101293500ZZ,12盒包邮天福 脱敏糊剂120g/支,218.52,1,VALID
2026-04-16,PX00000009DR02,5盒包邮三诺 安稳 血糖试条安稳型 50支/盒,2170.6,8,CONFLICT
2026-04-16,PX00000022DR02,4盒包邮艾科 EZIII 血糖测试条艾科?EZIII（On Call EZIII） 50人份 筒装,838.56,4,VALID
2026-04-16,PX00000038DR02,8盒包邮艾科 灵睿 血糖测试条艾科?灵睿（On Call EZII） 25人份 单人份,959.92,5,CONFLICT
2026-04-16,PX000000405600ZZ,2台包邮鱼跃 臂式电子血压计YE655D *1台,453.8,2,VALID
2026-04-16,PX000000413400ZZ,100片包邮艾暖 暖宝宝 暖贴(一次性发热贴)96mm*130mm*1片装,49.0,1,VALID
2026-04-16,PX000000418200ZZ,10盒包邮三诺 安稳+ 血糖测试条安稳+ 50支,1696.8,4,CONFLICT
2026-04-16,PX00010043DR02,2台包邮 欧姆龙 电子血压计(上臂式)HEM-7121,4158.1,15,CONFLICT
2026-04-16,PX000100981200ZZ,5桶包邮金博 医用胶布A型1cm*1000cm*13卷,63.8,1,VALID
2026-04-16,PX000100995500ZZ,10瓶包邮爱心氧吧 便携式医用供氧器SFK-3 1000mL,42.8,1,VALID
2026-04-16,PX000101163900ZZ,2台包邮雅斯 臂式电子血压计JN-163D *1台,60.86,1,VALID
2026-04-16,PX000101225400ZZ,10瓶包邮 海氏海诺 便携式氧气呼吸器LFBZ-1000 1000ml,69.7,1,VALID
2026-04-16,PX000101258400ZZ,2盒包邮甘李 秀霖笔 笔式胰岛素注射器XLB01E 1支,390.0,3,VALID
2026-04-16,PX001011479000ZZ,5包包邮海氏海诺 倍适威 医用护理垫成人专用型 60cm×90cm 10片,218.0,3,CONFLICT
2026-04-17,PX00000009DR02,5盒包邮三诺 安稳 血糖试条安稳型 50支/盒,1133.0,5,CONFLICT
2026-04-17,PX00000038DR02,8盒包邮艾科 灵睿 血糖测试条艾科?灵睿（On Call EZII） 25人份 单人份,320.8,2,CONFLICT
2026-04-17,PX000000405600ZZ,2台包邮鱼跃 臂式电子血压计YE655D *1台,1701.17,6,VALID
2026-04-17,PX000000413400ZZ,100片包邮艾暖 暖宝宝 暖贴(一次性发热贴)96mm*130mm*1片装,49.0,1,VALID
2026-04-17,PX000000418200ZZ,5盒包邮三诺 安稳+ 血糖测试条安稳+ 50支,1163.1,3,CONFLICT
2026-04-17,PX00010043DR02,2台包邮 欧姆龙 电子血压计(上臂式)HEM-7121,7757.3,21,CONFLICT
2026-04-17,PX000100888400ZZ,5包包邮海氏海诺 倍适威 医用护理垫(拉拉裤型)BKLLK-XL(69cm*80cm)*10片,128.97,1,VALID
2026-04-17,PX000101163900ZZ,2台包邮雅斯 臂式电子血压计JN-163D *1台,60.86,1,VALID
2026-04-17,PX000101225400ZZ,10瓶包邮 海氏海诺 便携式氧气呼吸器LFBZ-1000 1000ml,104.55,1,VALID
2026-04-17,PX000101258400ZZ,2盒包邮甘李 秀霖笔 笔式胰岛素注射器XLB01E 1支,2783.84,10,VALID
2026-04-17,PX001011479000ZZ,5包包邮海氏海诺 倍适威 医用护理垫成人专用型 60cm×90cm 10片,43.45,1,CONFLICT
2026-04-18,PX00000009DR02,5盒包邮三诺 安稳 血糖试条安稳型 50支/盒,3304.4,10,CONFLICT
2026-04-18,PX00000038DR02,8盒包邮艾科 灵睿 血糖测试条艾科?灵睿（On Call EZII） 25人份 单人份（8盒试纸送1台机子）,160.8,1,CONFLICT
2026-04-18,PX000000405600ZZ,2台包邮鱼跃 臂式电子血压计YE655D *1台,2490.52,8,VALID
2026-04-18,PX000000413200ZZ,90小袋包邮海氏海诺 倍适威 外科纱布敷料纱布块 8cm*10cm 8层 5块,90.0,1,VALID
2026-04-18,PX000000418200ZZ,10盒包邮三诺 安稳+ 血糖测试条安稳+ 50支,891.0,2,CONFLICT
2026-04-18,PX00000132DR02,5盒包邮三诺 血糖试条GA-3型 50支 瓶装,136.9,1,VALID
2026-04-18,PX00010043DR02,2台包邮 欧姆龙 电子血压计(上臂式)HEM-7121,5819.2,20,CONFLICT
2026-04-18,PX00010049DR02,2台包邮倍尔康 非接触式红外体温计JXB-178*1台,142.0,1,CONFLICT
2026-04-18,PX000100679500ZZ,42袋包邮倍适威 医用冰袋 无需冷藏Ⅱ型 120g,49.56,1,VALID
2026-04-18,PX000100981200ZZ,5桶包邮金博 医用胶布A型1cm*1000cm*13卷,63.8,1,VALID
2026-04-18,PX000100995500ZZ,20瓶包邮爱心氧吧 便携式医用供氧器SFK-3 1000mL,172.0,1,VALID
2026-04-18,PX000101149100ZZ,30盒包邮海氏海诺 牙线棒50支/盒,102.5,1,VALID
2026-04-18,PX000101163900ZZ,2台包邮雅斯 臂式电子血压计JN-163D *1台,121.72,2,VALID
2026-04-18,PX000101258400ZZ,2盒包邮甘李 秀霖笔 笔式胰岛素注射器XLB01E 1支,2018.08,11,VALID
2026-04-18,PX001011479000ZZ,5包包邮海氏海诺 倍适威 医用护理垫成人专用型 60cm×90cm 10片,86.9,2,CONFLICT
2026-04-19,PX00000009DR02,5盒包邮三诺 安稳 血糖试条安稳型 50支/盒,7235.8,21,CONFLICT
2026-04-19,PX00000022DR02,4盒包邮艾科 EZIII 血糖测试条艾科?EZIII（On Call EZIII） 50人份 筒装,419.28,1,VALID
2026-04-19,PX000000405600ZZ,2台包邮鱼跃 臂式电子血压计YE655D *1台,3153.66,9,VALID
2026-04-19,PX000000413200ZZ,90小袋包邮海氏海诺 倍适威 外科纱布敷料纱布块 8cm*10cm 8层 5块,90.0,1,VALID
2026-04-19,PX000000418200ZZ,5盒包邮三诺 安稳+ 血糖测试条安稳+ 50支,668.25,1,CONFLICT
2026-04-19,PX00010043DR02,2台包邮 欧姆龙 电子血压计(上臂式)HEM-7121,5404.5,14,CONFLICT
2026-04-19,PX000100482000ZZ,48袋包邮海氏海诺集团 艾暖 医用冰袋OPIS-BD-ll 120g*1袋,192.0,2,VALID
2026-04-19,PX00010049DR02,2台包邮倍尔康 非接触式电子体温计JXB-178*1台,284.0,2,CONFLICT
2026-04-19,PX000100888400ZZ,5包包邮海氏海诺 倍适威 医用护理垫(拉拉裤型)BKLLK-XL(69cm*80cm)*10片,114.64,1,VALID
2026-04-19,PX000100981200ZZ,5桶包邮金博 医用胶布A型1cm*1000cm*13卷,63.8,1,VALID
2026-04-19,PX000101149100ZZ,30盒包邮海氏海诺 牙线棒50支/盒,61.2,1,VALID
2026-04-19,PX000101163900ZZ,2台包邮雅斯 臂式电子血压计JN-163D *1台,182.1,3,VALID
2026-04-19,PX000101225400ZZ,10瓶包邮 海氏海诺 便携式氧气呼吸器LFBZ-1000 1000ml,139.4,2,VALID
2026-04-19,PX000101258400ZZ,2盒包邮甘李 秀霖笔 笔式胰岛素注射器XLB01E 1支,1364.13,5,VALID
2026-04-19,PX000101293500ZZ,12盒包邮天福 脱敏糊剂120g/支,216.36,1,VALID
2026-04-19,PX001011479000ZZ,5包包邮海氏海诺 倍适威 医用护理垫成人专用型 60cm×90cm 10片,43.45,1,CONFLICT
2026-04-20,PX00000009DR02,5盒包邮三诺 血糖试条安稳型 瓶装 50支,6833.3,24,CONFLICT
2026-04-20,PX00000022DR02,4盒包邮艾科 EZIII 血糖测试条艾科?EZIII（On Call EZIII） 50人份 筒装,561.4,4,VALID
2026-04-20,PX00000038DR02,8盒包邮艾科 灵睿 血糖测试条艾科?灵睿（On Call EZII） 25人份 单人份,479.92,2,CONFLICT
2026-04-20,PX000000405600ZZ,2台包邮鱼跃 臂式电子血压计YE655D *1台,1596.7,6,VALID
2026-04-20,PX000000413400ZZ,100片包邮艾暖 暖宝宝 暖贴(一次性发热贴)96mm*130mm*1片装,47.0,1,VALID
2026-04-20,PX000000418200ZZ,5盒包邮三诺 安稳+血糖试纸50片,1341.5,4,CONFLICT
2026-04-20,PX00010043DR02,2台包邮 欧姆龙 电子血压计(上臂式)HEM-7121,10933.44,27,CONFLICT
2026-04-20,PX000100482000ZZ,60袋包邮海氏海诺集团 艾暖 医用冰袋OPIS-BD-ll 120g*1袋,120.0,1,VALID
2026-04-20,PX00010049DR02,2台包邮倍尔康 非接触式电子体温计JXB-178*1台,284.0,2,CONFLICT
2026-04-20,PX000100888400ZZ,5包包邮海氏海诺 倍适威 医用护理垫(拉拉裤型)BKLLK-XL(69cm*80cm)*10片,71.65,1,VALID
2026-04-20,PX000100981200ZZ,5桶包邮金博 医用胶布A型1cm*1000cm*13卷,63.8,1,VALID
2026-04-20,PX000100995500ZZ,40瓶包邮爱心氧吧 便携式医用供氧器SFK-3 1000mL,164.0,1,VALID
2026-04-20,PX000101094100ZZ,10瓶包邮振德 便携式氧气呼吸器LFBZ-1000 1000ml,94.0,1,VALID
2026-04-20,PX000101149100ZZ,30盒包邮海氏海诺 牙线棒50支/盒,122.7,2,VALID
2026-04-20,PX000101163900ZZ,2台包邮雅斯 臂式电子血压计JN-163D *1台,121.12,2,VALID
2026-04-20,PX000101173000ZZ,2台包邮欧姆龙 电子血压计HEM-7125J,263.0,1,VALID
2026-04-20,PX000101225400ZZ,10瓶包邮 海氏海诺 便携式氧气呼吸器LFBZ-1000 1000ml,140.0,1,VALID
2026-04-20,PX000101258400ZZ,2盒包邮甘李 秀霖笔 笔式胰岛素注射器XLB01E 1支,3063.36,16,VALID
2026-04-20,PX001011479000ZZ,5包包邮海氏海诺 倍适威 医用护理垫成人专用型 60cm×90cm 10片,139.58,3,CONFLICT
2026-04-21,PX00000009DR02,5盒包邮三诺 安稳 血糖试条安稳型 50支/盒,2940.0,9,CONFLICT
2026-04-21,PX00000013DR02,10盒包邮三诺 血糖试条安准型 50支 瓶装,297.4,1,VALID
2026-04-21,PX00000022DR02,4盒包邮艾科 EZIII 血糖测试条艾科?EZIII（On Call EZIII） 50人份 筒装,422.08,2,VALID
2026-04-21,PX00000038DR02,8盒包邮艾科 灵睿 血糖测试条(葡萄糖氧化酶法)艾科?灵睿（On Call EZII） 25人份 单人份（8盒试纸送1台机子）,160.4,1,CONFLICT
2026-04-21,PX000000405600ZZ,2台包邮鱼跃 臂式电子血压计YE655D *1台,2840.45,9,VALID
2026-04-21,PX000000413400ZZ,100片包邮艾暖 暖宝宝 暖贴(一次性发热贴)96mm*130mm*1片装,141.0,3,VALID
2026-04-21,PX000000418200ZZ,5盒包邮三诺 安稳+ 血糖测试条安稳+ 50支,1566.25,3,CONFLICT
2026-04-21,PX00010043DR02,2台包邮欧姆龙 电子血压计(上臂式)HEM-7121,9315.43,26,CONFLICT
2026-04-21,PX00010049DR02,2台包邮倍尔康 非接触式红外体温计JXB-178*1台,0.0,0,CONFLICT
2026-04-21,PX000100981200ZZ,5桶包邮金博 医用胶布A型1cm*1000cm*13卷,63.8,1,VALID
2026-04-21,PX000100995500ZZ,40瓶包邮爱心氧吧 便携式医用供氧器SFK-3 1000mL,164.0,1,VALID
2026-04-21,PX000101015500ZZ,36卷包邮倍适威 弹性绷带BSW-04 450cm*5cm 1卷,40.68,1,VALID
2026-04-21,PX000101172900ZZ,2台包邮欧姆龙 电子血压计(手腕式)HEM-6160J*1台,254.5,1,VALID
2026-04-21,PX000101258400ZZ,2盒包邮甘李 秀霖笔 笔式胰岛素注射器XLB01E 1支,1553.62,8,VALID
2026-04-21,PX000101268600ZZ,2台包邮欧姆龙 电子血压计(上臂式)L15,223.32,1,VALID
2026-04-21,PX001011479000ZZ,10包包邮海氏海诺 倍适威 医用护理垫成人专用型 60cm×90cm 10片,216.65,2,CONFLICT
2026-04-22,PX00000009DR02,5盒包邮三诺 血糖试条安稳型 瓶装 50支,904.0,3,CONFLICT
2026-04-22,PX00000013DR02,10盒包邮三诺 血糖试条安准型 50支 瓶装,1189.6,4,VALID
2026-04-22,PX00000022DR02,4盒包邮艾科 EZIII 血糖测试条艾科?EZIII（On Call EZIII） 50人份 筒装,978.32,3,VALID
2026-04-22,PX000000405600ZZ,2台包邮鱼跃 臂式电子血压计YE655D *1台,1815.2,6,VALID
2026-04-22,PX000000413200ZZ,60小袋包邮海氏海诺 倍适威 外科纱布敷料纱布块 8cm*10cm 8层 5块,180.0,2,VALID
2026-04-22,PX000000413400ZZ,100片包邮艾暖 暖宝宝 暖贴(一次性发热贴)96mm*130mm*1片装,379.0,8,VALID
2026-04-22,PX000000418200ZZ,5盒包邮三诺 安稳+ 血糖测试条安稳+ 50支,2940.05,11,CONFLICT
2026-04-22,PX00010043DR02,2台包邮欧姆龙 电子血压计(上臂式)HEM-7121,5222.52,19,CONFLICT
2026-04-22,PX000100888400ZZ,5包包邮海氏海诺 倍适威 医用护理垫(拉拉裤型)BKLLK-XL(69cm*80cm)*10片,458.56,4,VALID
2026-04-22,PX000100995500ZZ,40瓶包邮爱心氧吧 便携式医用供氧器SFK-3 1000mL,164.0,1,VALID
2026-04-22,PX000101015500ZZ,36卷包邮倍适威 弹性绷带BSW-04 450cm*5cm 1卷,40.68,1,VALID
2026-04-22,PX000101094100ZZ,10瓶包邮振德 便携式氧气呼吸器LFBZ-1000 1000ml,94.0,1,VALID
2026-04-22,PX000101149100ZZ,30盒包邮海氏海诺 牙线棒50支/盒,60.3,1,VALID
2026-04-22,PX000101163900ZZ,2台包邮雅斯 臂式电子血压计JN-163D *1台,152.33,2,VALID
2026-04-22,PX000101258400ZZ,2盒包邮甘李 秀霖笔 笔式胰岛素注射器XLB01E 1支,1165.84,6,VALID
2026-04-22,PX000101268600ZZ,2台包邮欧姆龙 电子血压计(上臂式)L15,334.98,1,VALID
2026-04-22,PX001011479000ZZ,10包包邮海氏海诺 倍适威 医用护理垫成人专用型 60cm×90cm 10片,647.55,6,CONFLICT
2026-04-23,PX00000009DR02,5盒包邮三诺 安稳 血糖试条安稳型 50支/盒,920.0,2,CONFLICT
2026-04-23,PX00000022DR02,4盒包邮艾科 EZIII 血糖测试条艾科?EZIII（On Call EZIII） 50人份 筒装,561.96,3,VALID
2026-04-23,PX00000038DR02,8盒包邮艾科 灵睿 血糖测试条(葡萄糖氧化酶法)艾科?灵睿（On Call EZII） 25人份 单人份（8盒试纸送1台机子）,320.32,1,CONFLICT
2026-04-23,PX000000405600ZZ,2台包邮鱼跃 臂式电子血压计YE655D *1台,227.28,1,VALID
2026-04-23,PX000000413400ZZ,100片包邮艾暖 暖宝宝 暖贴(一次性发热贴)96mm*130mm*1片装,475.0,8,VALID
2026-04-23,PX000000418200ZZ,10盒包邮三诺 安稳+ 血糖测试条安稳+ 50支,894.3,2,CONFLICT
2026-04-23,PX00010043DR02,2台包邮欧姆龙 电子血压计(上臂式)HEM-7121,4014.98,13,CONFLICT
2026-04-23,PX000100482000ZZ,60袋包邮海氏海诺集团 艾暖 医用冰袋OPIS-BD-ll 120g*1袋,60.0,1,VALID
2026-04-23,PX000100679500ZZ,60袋包邮海氏海诺 医用冰袋 无需冷藏Ⅱ型 120g,65.4,1,VALID
2026-04-23,PX000100995500ZZ,40瓶包邮爱心氧吧 便携式医用供氧器SFK-3 1000mL,164.0,1,VALID
2026-04-23,PX000101015500ZZ,36卷包邮倍适威 弹性绷带BSW-04 450cm*5cm 1卷,162.72,4,VALID
2026-04-23,PX000101094100ZZ,10瓶包邮振德 便携式氧气呼吸器LFBZ-1000 1000ml,94.0,1,VALID
2026-04-23,PX000101149100ZZ,30盒包邮海氏海诺 牙线棒50支/盒,60.0,1,VALID
2026-04-23,PX000101163900ZZ,2台包邮雅斯 臂式电子血压计JN-163D *1台,364.44,6,VALID
2026-04-23,PX000101225400ZZ,10瓶包邮 海氏海诺 便携式氧气呼吸器LFBZ-1000 1000ml,364.0,2,VALID
2026-04-23,PX000101268600ZZ,2台包邮欧姆龙 电子血压计(上臂式)L15,223.32,1,VALID
2026-04-23,PX00050373DR02,10盒包邮艾暖 热敷贴96mm×130mm 5片,274.0,2,VALID
2026-04-23,PX001011479000ZZ,10包包邮海氏海诺 倍适威 医用护理垫成人专用型 60cm×90cm 10片,433.6,4,CONFLICT
2026-04-23,PX00280116DR02,10盒包邮雅斯 血糖试纸(电化学法)GLS-77 25片*2罐 罐装,214.6,1,VALID
2026-04-24,PX00000038DR02,8盒包邮艾科 灵睿 血糖测试条艾科?灵睿（On Call EZII） 25人份 单人份,960.0,1,CONFLICT
2026-04-24,PX000000405600ZZ,2台包邮鱼跃 臂式电子血压计YE655D *1台,2159.16,7,VALID
2026-04-24,PX000000413200ZZ,120小袋包邮海氏海诺 倍适威 外科纱布敷料纱布块 8cm*10cm 8层 5块,475.2,4,VALID
2026-04-24,PX000000413400ZZ,100片包邮艾暖 暖宝宝 暖贴(一次性发热贴)96mm*130mm*1片装,47.0,1,VALID
2026-04-24,PX000000418200ZZ,10盒包邮三诺 安稳+ 血糖测试条安稳+ 50支,2008.95,6,CONFLICT
2026-04-24,PX00010043DR02,2台包邮欧姆龙 电子血压计(上臂式)HEM-7121,2466.15,7,CONFLICT
2026-04-24,PX000100679500ZZ,42袋包邮倍适威 医用冰袋 无需冷藏Ⅱ型 120g,49.56,1,VALID
2026-04-24,PX000101015500ZZ,36卷包邮倍适威 弹性绷带BSW-04 450cm*5cm 1卷,204.36,4,VALID
2026-04-24,PX000101163900ZZ,2台包邮雅斯 臂式电子血压计JN-163D *1台,182.7,3,VALID
2026-04-24,PX000101268600ZZ,2台包邮欧姆龙 电子血压计(上臂式)L15,558.3,2,VALID
2026-04-24,PX00050373DR02,10盒包邮艾暖 热敷贴96mm×130mm 5片,401.55,5,VALID
2026-04-24,PX001011445200ZZ,36盒包邮海氏海诺集团 倍适威 棉签BSW-02 8cm允许偏差±1cm 200支,77.76,1,VALID
2026-04-24,PX001011479000ZZ,10包包邮海氏海诺 倍适威 医用护理垫成人专用型 60cm×90cm 10片,649.65,6,CONFLICT
2026-04-24,PX00280116DR02,10盒包邮雅斯 血糖试纸(电化学法)GLS-77 25片*2罐 罐装,214.6,1,VALID
2026-04-25,PX00000013DR02,10盒包邮三诺 血糖试条安准型 50支 瓶装,297.4,1,VALID
2026-04-25,PX00000022DR02,4盒包邮艾科 EZIII 血糖测试条艾科?EZIII（On Call EZIII） 50人份 筒装,564.08,2,VALID
2026-04-25,PX000000413200ZZ,120小袋包邮海氏海诺 倍适威 外科纱布敷料纱布块 8cm*10cm 8层 5块,208.8,2,VALID
2026-04-25,PX000000413400ZZ,100片包邮艾暖 暖宝宝 暖贴(一次性发热贴)96mm*130mm*1片装,47.0,1,VALID
2026-04-25,PX000000418200ZZ,5盒包邮三诺 安稳+ 血糖测试条安稳+ 50支,3181.43,10,CONFLICT
2026-04-25,PX00000073DR02,2套包邮三诺 安稳+血糖仪套装(血糖仪/血糖测试条/一次性使用末梢采血针)安稳+*1台+安稳+50支*1盒+Ⅰ型 28G 50支,177.0,1,VALID
2026-04-25,PX000100482000ZZ,90袋包邮海氏海诺集团 艾暖 医用冰袋OPIS-BD-ll 120g*1袋,142.56,1,VALID
2026-04-25,PX000100679500ZZ,24袋包邮海氏海诺 医用冰袋 无需冷藏Ⅱ型 120g,29.52,1,VALID
2026-04-25,PX000100888400ZZ,5包包邮海氏海诺 倍适威 医用护理垫(拉拉裤型)BKLLK-XL(69cm*80cm)*10片,71.65,1,VALID
2026-04-25,PX000100981200ZZ,5桶包邮金博 医用胶布A型1cm*1000cm*13卷,63.8,1,VALID
2026-04-25,PX000100995500ZZ,40瓶包邮爱心氧吧 便携式医用供氧器SFK-3 1000mL,164.0,1,VALID
2026-04-25,PX000101015500ZZ,48卷包邮倍适威 弹性绷带BSW-04 450cm*5cm 1卷,405.36,8,VALID
2026-04-25,PX000101163900ZZ,2台包邮雅斯 臂式电子血压计JN-163D *1台,304.54,5,VALID
2026-04-25,PX000101258400ZZ,2盒包邮甘李 秀霖笔 笔式胰岛素注射器XLB01E 1支,132.28,1,VALID
2026-04-25,PX000101268600ZZ,2台包邮欧姆龙 电子血压计(上臂式)L15,223.32,1,VALID
2026-04-25,PX00050373DR02,10盒包邮艾暖 热敷贴96mm×130mm 5片,384.0,5,VALID
2026-04-25,PX001011479000ZZ,10包包邮海氏海诺 倍适威 医用护理垫成人专用型 60cm×90cm 10片,734.45,8,CONFLICT
2026-04-25,PX00280116DR02,10盒包邮雅斯 血糖试纸(电化学法)GLS-77 25片*2罐 罐装,429.2,2,VALID
2026-04-26,PX00000013DR02,10盒包邮三诺 血糖试条安准型 50支 瓶装,594.8,2,VALID
2026-04-26,PX00000038DR02,8盒包邮艾科 灵睿 血糖测试条艾科?灵睿（On Call EZII） 25人份 单人份,160.0,1,CONFLICT
2026-04-26,PX000000413200ZZ,90小袋包邮海氏海诺 倍适威 外科纱布敷料纱布块 8cm*10cm 8层 5块,90.0,1,VALID
2026-04-26,PX000000413400ZZ,100片包邮艾暖 暖宝宝 暖贴(一次性发热贴)96mm*130mm*1片装,141.0,3,VALID
2026-04-26,PX000000418200ZZ,5盒包邮三诺 安稳+ 血糖测试条安稳+ 50支,1905.42,7,CONFLICT
2026-04-26,PX000100981200ZZ,5桶包邮金博 医用胶布A型1cm*1000cm*13卷,127.4,1,VALID
2026-04-26,PX000100995500ZZ,40瓶包邮爱心氧吧 便携式医用供氧器SFK-3 1000mL,164.0,1,VALID
2026-04-26,PX000101015500ZZ,48卷包邮倍适威 弹性绷带BSW-04 450cm*5cm 1卷,457.92,8,VALID
2026-04-26,PX000101163900ZZ,2台包邮雅斯 臂式电子血压计JN-163D *1台,242.96,4,VALID
2026-04-26,PX000101268600ZZ,2台包邮欧姆龙 电子血压计(上臂式)L15,221.08,1,VALID
2026-04-26,PX00050373DR02,10盒包邮艾暖 热敷贴96mm×130mm 5片,547.0,6,VALID
2026-04-26,PX001011445200ZZ,36盒包邮海氏海诺集团 倍适威 棉签BSW-02 8cm允许偏差±1cm 200支,600.96,2,VALID
2026-04-26,PX001011479000ZZ,10包包邮海氏海诺 倍适威 医用护理垫成人专用型 60cm×90cm 10片,517.8,6,CONFLICT
2026-04-27,PX00000009DR02,5盒包邮 三诺 血糖试条安稳型 瓶装 50支,1150.0,4,CONFLICT
2026-04-27,PX00000013DR02,10盒包邮三诺 血糖试条安准型 50支 瓶装,297.4,1,VALID
2026-04-27,PX000000413200ZZ,90小袋包邮海氏海诺 倍适威 外科纱布敷料纱布块 8cm*10cm 8层 5块,90.0,1,VALID
2026-04-27,PX000000413400ZZ,100片包邮艾暖 暖宝宝 暖贴(一次性发热贴)96mm*130mm*1片装,330.0,7,VALID
2026-04-27,PX000000418200ZZ,10盒包邮三诺 安稳+ 血糖测试条安稳+ 50支,4772.92,13,CONFLICT
2026-04-27,PX000100981200ZZ,5桶包邮金博 医用胶布A型1cm*1000cm*13卷,63.8,1,VALID
2026-04-27,PX000100995500ZZ,40瓶包邮爱心氧吧 便携式医用供氧器SFK-3 1000mL,164.0,1,VALID
2026-04-27,PX000101015500ZZ,36卷包邮倍适威 弹性绷带BSW-04 450cm*5cm 1卷,636.36,7,VALID
2026-04-27,PX000101163900ZZ,2台包邮雅斯 臂式电子血压计JN-163D *1台,182.7,3,VALID
2026-04-27,PX000101225400ZZ,10瓶包邮 海氏海诺 便携式氧气呼吸器LFBZ-1000 1000ml,210.0,2,VALID
2026-04-27,PX000101308200ZZ,6盒包邮 天福 脱敏糊剂61g/支,63.0,1,VALID
2026-04-27,PX00050373DR02,10盒包邮艾暖 热敷贴96mm×130mm 5片,275.0,4,VALID
2026-04-27,PX001011445200ZZ,36盒包邮海氏海诺集团 倍适威 棉签BSW-02 8cm允许偏差±1cm 200支,155.52,2,VALID
2026-04-27,PX001011479000ZZ,10包包邮海氏海诺 倍适威 医用护理垫成人专用型 60cm×90cm 10片,1123.1,10,CONFLICT
2026-04-28,PX000000413200ZZ,120小袋包邮海氏海诺 倍适威 外科纱布敷料纱布块 8cm*10cm 8层 5块,208.8,2,VALID
2026-04-28,PX000000413400ZZ,100片包邮艾暖 暖宝宝 暖贴(一次性发热贴)96mm*130mm*1片装,94.0,2,VALID
2026-04-28,PX000000418200ZZ,10盒包邮三诺 安稳+ 血糖测试条安稳+ 50支,1788.8,5,CONFLICT
2026-04-28,PX000011381900ZZ,20盒包邮雅斯 血糖试纸(电化学法)GLS-73 25片*2罐 罐装,347.4,1,VALID
2026-04-28,PX00010049DR02,2台包邮倍尔康 非接触式红外体温计JXB-178*1台,153.6,1,CONFLICT
2026-04-28,PX000100679500ZZ,24袋包邮海氏海诺 医用冰袋 无需冷藏Ⅱ型 120g,79.08,2,VALID
2026-04-28,PX000100995500ZZ,40瓶包邮爱心氧吧 便携式医用供氧器SFK-3 1000mL,164.0,1,VALID
2026-04-28,PX000101015500ZZ,36卷包邮倍适威 弹性绷带BSW-04 450cm*5cm 1卷,612.6,9,VALID
2026-04-28,PX000101094100ZZ,10瓶包邮振德 便携式氧气呼吸器LFBZ-1000 1000ml,360.0,1,VALID
2026-04-28,PX000101163900ZZ,2台包邮雅斯 臂式电子血压计JN-163D *1台,181.98,3,VALID
2026-04-28,PX000101225400ZZ,10瓶包邮 海氏海诺 便携式氧气呼吸器LFBZ-1000 1000ml,210.0,1,VALID
2026-04-28,PX00050373DR02,10盒包邮艾暖 热敷贴96mm×130mm 5片,383.5,5,VALID
2026-04-28,PX001011479000ZZ,10包包邮海氏海诺 倍适威 医用护理垫成人专用型 60cm×90cm 10片,691.6,7,CONFLICT
2026-04-28,PX00280116DR02,10盒包邮雅斯 血糖试纸(电化学法)GLS-77 25片*2罐 罐装,429.2,2,VALID
2026-04-29,PX000000413400ZZ,100片包邮艾暖 暖宝宝 暖贴(一次性发热贴)96mm*130mm*1片装,424.0,8,VALID
2026-04-29,PX000000418200ZZ,5盒包邮三诺 安稳+ 血糖测试条安稳+ 50支,224.65,1,CONFLICT
2026-04-29,PX00010049DR02,2台包邮倍尔康 非接触式红外体温计JXB-178*1台,153.6,1,CONFLICT
2026-04-29,PX000100679500ZZ,24袋包邮海氏海诺 医用冰袋 无需冷藏Ⅱ型 120g,70.8,1,VALID
2026-04-29,PX000100888400ZZ,5包包邮海氏海诺 倍适威 医用护理垫(拉拉裤型)BKLLK-XL(69cm*80cm)*10片,143.3,2,VALID
2026-04-29,PX000100981200ZZ,5桶包邮金博 医用胶布A型1cm*1000cm*13卷,63.8,1,VALID
2026-04-29,PX000100995500ZZ,40瓶包邮爱心氧吧 便携式医用供氧器SFK-3 1000mL,164.0,1,VALID
2026-04-29,PX000101015500ZZ,36卷包邮倍适威 弹性绷带BSW-04 450cm*5cm 1卷,325.44,7,VALID
2026-04-29,PX000101163900ZZ,2台包邮雅斯 臂式电子血压计JN-163D *1台,303.82,5,VALID
2026-04-29,PX000101173000ZZ,2台包邮欧姆龙 电子血压计HEM-7125J,263.0,1,VALID
2026-04-29,PX000101258400ZZ,2盒包邮甘李 秀霖笔 笔式胰岛素注射器XLB01E 1支,198.42,1,VALID
2026-04-29,PX000101259800ZZ,80小袋包邮海氏海诺 医用棉签10cm 40支,57.6,2,VALID
2026-04-29,PX00050373DR02,10盒包邮艾暖 热敷贴96mm×130mm 5片,164.5,2,VALID
2026-04-29,PX001011445200ZZ,36盒包邮海氏海诺集团 倍适威 棉签BSW-02 8cm允许偏差±1cm 200支,77.76,1,VALID
2026-04-29,PX001011479000ZZ,10包包邮海氏海诺 倍适威 医用护理垫成人专用型 60cm×90cm 10片,949.3,10,CONFLICT
2026-04-30,PX000000413400ZZ,100片包邮艾暖 暖宝宝 暖贴(一次性发热贴)96mm*130mm*1片装,141.0,3,VALID
2026-04-30,PX000100888300ZZ,5包包邮倍适威 医用护理垫(成人拉拉裤)BKLLK-L码 60cm*73cm*10片,65.5,1,VALID
2026-04-30,PX000100888400ZZ,5包包邮海氏海诺 倍适威 医用护理垫(拉拉裤型)BKLLK-XL(69cm*80cm)*10片,71.65,1,VALID
2026-04-30,PX000100981200ZZ,5桶包邮金博 医用胶布A型1cm*1000cm*13卷,63.8,1,VALID
2026-04-30,PX000101015500ZZ,36卷包邮倍适威 弹性绷带BSW-04 450cm*5cm 1卷,176.28,3,VALID
2026-04-30,PX000101163900ZZ,2台包邮雅斯 臂式电子血压计JN-163D *1台,121.72,2,VALID
2026-04-30,PX000101259800ZZ,80小袋包邮海氏海诺 医用棉签10cm 40支,272.0,2,VALID
2026-04-30,PX00050373DR02,10盒包邮艾暖 热敷贴96mm×130mm 5片,54.5,1,VALID
2026-04-30,PX001011445200ZZ,36盒包邮海氏海诺集团 倍适威 棉签BSW-02 8cm允许偏差±1cm 200支,77.76,1,VALID
2026-04-30,PX001011479000ZZ,10包包邮海氏海诺 倍适威 医用护理垫成人专用型 60cm×90cm 10片,517.8,5,CONFLICT
2026-05-01,PX000000413400ZZ,100片包邮艾暖 暖宝宝 暖贴(一次性发热贴)96mm*130mm*1片装,189.0,4,VALID
2026-05-01,PX000101015500ZZ,36卷包邮倍适威 弹性绷带BSW-04 450cm*5cm 1卷,366.12,6,VALID
2026-05-01,PX000101163900ZZ,2台包邮雅斯 臂式电子血压计JN-163D *1台,60.26,1,VALID
2026-05-01,PX000101172900ZZ,2台包邮欧姆龙 电子血压计(手腕式)HEM-6160J*1台,254.5,1,VALID
2026-05-01,PX000101225400ZZ,10瓶包邮 海氏海诺 便携式氧气呼吸器LFBZ-1000 1000ml,70.0,1,VALID
2026-05-01,PX00050373DR02,10盒包邮艾暖 热敷贴96mm×130mm 5片,56.0,1,VALID
2026-05-01,PX001011479000ZZ,10包包邮海氏海诺 倍适威 医用护理垫成人专用型 60cm×90cm 10片,302.05,3,CONFLICT
2026-05-02,PX00000038DR02,8盒包邮艾科 灵睿 血糖测试条艾科?灵睿（On Call EZII） 25人份 单人份（8盒试纸送1台机子）,160.8,1,CONFLICT
2026-05-02,PX000000413200ZZ,90小袋包邮海氏海诺 倍适威 外科纱布敷料纱布块 8cm*10cm 8层 5块,90.0,1,VALID
2026-05-02,PX000000413400ZZ,100片包邮艾暖 暖宝宝 暖贴(一次性发热贴)96mm*130mm*1片装,47.0,1,VALID
2026-05-02,PX000100482000ZZ,48袋包邮海氏海诺集团 艾暖 医用冰袋OPIS-BD-ll 120g*1袋,48.0,1,VALID
2026-05-02,PX000100679500ZZ,42袋包邮倍适威 医用冰袋 无需冷藏Ⅱ型 120g,0.0,0,VALID
2026-05-02,PX000101015500ZZ,36卷包邮倍适威 弹性绷带BSW-04 450cm*5cm 1卷,81.36,2,VALID
2026-05-02,PX000101163900ZZ,2台包邮雅斯 臂式电子血压计JN-163D *1台,304.42,5,VALID
2026-05-02,PX00050094DR02,2盒包邮康祝 真空拔罐器B1X12,51.98,1,VALID
2026-05-02,PX00050373DR02,10盒包邮艾暖 热敷贴96mm×130mm 5片,110.8,1,VALID
2026-05-02,PX001011445200ZZ,48盒包邮海氏海诺集团 倍适威 棉签BSW-02 8cm允许偏差±1cm 200支,104.64,1,VALID
2026-05-02,PX001011479000ZZ,5包包邮倍适威 医用护理垫方型 60cm×90cm 10片,44.2,1,CONFLICT
2026-05-02,PX00280116DR02,10盒包邮雅斯 血糖试纸(电化学法)GLS-77 25片*2罐 罐装,214.6,1,VALID
2026-05-03,PX00000017DR02,4盒包邮 三诺 智能血糖纸条智能型 50支/盒,220.0,1,VALID
2026-05-03,PX000000413400ZZ,100片包邮艾暖 暖宝宝 暖贴(一次性发热贴)96mm*130mm*1片装,282.0,6,VALID
2026-05-03,PX00010049DR02,3台包邮倍尔康 非接触式电子体温计JXB-178*1台,231.0,1,CONFLICT
2026-05-03,PX000100981200ZZ,3桶包邮金博 医用胶布A型1cm*1000cm*13卷,105.08,2,VALID
2026-05-03,PX000101015500ZZ,36卷包邮倍适威 弹性绷带BSW-04 450cm*5cm 1卷,299.52,5,VALID
2026-05-03,PX000101163900ZZ,2台包邮雅斯 臂式电子血压计JN-163D *1台,60.86,1,VALID
2026-05-03,PX000101259800ZZ,80小袋包邮海氏海诺 医用棉签10cm 40支,68.0,1,VALID
2026-05-03,PX00050373DR02,10盒包邮艾暖 热敷贴96mm×130mm 5片,111.4,2,VALID
2026-05-03,PX001011445200ZZ,36盒包邮海氏海诺集团 倍适威 棉签BSW-02 8cm允许偏差±1cm 200支,77.76,1,VALID
2026-05-03,PX001011479000ZZ,10包包邮海氏海诺 倍适威 医用护理垫成人专用型 60cm×90cm 10片,302.05,3,CONFLICT
2026-05-04,PX000000413200ZZ,90小袋包邮海氏海诺 倍适威 外科纱布敷料纱布块 8cm*10cm 8层 5块,90.0,1,VALID
2026-05-04,PX000000413400ZZ,100片包邮艾暖 暖宝宝 暖贴(一次性发热贴)96mm*130mm*1片装,424.0,9,VALID
2026-05-04,PX000100981200ZZ,5桶包邮金博 医用胶布A型1cm*1000cm*13卷,63.8,1,VALID
2026-05-04,PX000101015500ZZ,36卷包邮倍适威 弹性绷带BSW-04 450cm*5cm 1卷,285.72,6,VALID
2026-05-04,PX000101163900ZZ,2台包邮雅斯 臂式电子血压计JN-163D *1台,243.8,4,VALID
2026-05-04,PX000101259800ZZ,80小袋包邮海氏海诺 医用棉签10cm 40支,28.8,1,VALID
2026-05-04,PX00050373DR02,10盒包邮艾暖 热敷贴96mm×130mm 5片,112.0,2,VALID
2026-05-04,PX001011445200ZZ,36盒包邮海氏海诺集团 倍适威 棉签BSW-02 8cm允许偏差±1cm 200支,208.32,2,VALID
2026-05-04,PX001011479000ZZ,10包包邮海氏海诺 倍适威 医用护理垫成人专用型 60cm×90cm 10片,517.8,5,CONFLICT
2026-05-04,PX00280116DR02,10盒包邮雅斯 血糖试纸(电化学法)GLS-77 25片*2罐 罐装,429.2,2,VALID
2026-05-05,PX00000022DR02,4盒包邮艾科 EZIII 血糖测试条艾科?EZIII（On Call EZIII） 50人份 筒装（4盒试纸送1台机子）,142.2,1,VALID
2026-05-05,PX00000038DR02,8盒包邮艾科 灵睿 血糖测试条艾科?灵睿（On Call EZII） 25人份 单人份,160.0,1,CONFLICT
2026-05-05,PX000000413400ZZ,100片包邮艾暖 暖宝宝 暖贴(一次性发热贴)96mm*130mm*1片装,376.0,8,VALID
2026-05-05,PX00010049DR02,3台包邮倍尔康 非接触式电子体温计JXB-178*1台,231.0,1,CONFLICT
2026-05-05,PX000100981200ZZ,5桶包邮金博 医用胶布A型1cm*1000cm*13卷,63.8,1,VALID
2026-05-05,PX000101015500ZZ,36卷包邮倍适威 弹性绷带BSW-04 450cm*5cm 1卷,311.88,6,VALID
2026-05-05,PX000101163900ZZ,2台包邮雅斯 臂式电子血压计JN-163D *1台,487.48,7,VALID
2026-05-05,PX000101225400ZZ,10瓶包邮 海氏海诺 便携式氧气呼吸器LFBZ-1000 1000ml,70.0,1,VALID
2026-05-05,PX001011479000ZZ,10包包邮海氏海诺 倍适威 医用护理垫成人专用型 60cm×90cm 10片,345.2,3,CONFLICT
2026-05-06,PX000000413200ZZ,90小袋包邮海氏海诺 倍适威 外科纱布敷料纱布块 8cm*10cm 8层 5块,90.0,1,VALID
2026-05-06,PX000000413400ZZ,100片包邮艾暖 暖宝宝 暖贴(一次性发热贴)96mm*130mm*1片装,375.0,8,VALID
2026-05-06,PX000100482000ZZ,48袋包邮海氏海诺集团 艾暖 医用冰袋OPIS-BD-ll 120g*1袋,138.0,1,VALID
2026-05-06,PX000100679500ZZ,24袋包邮海氏海诺 医用冰袋 无需冷藏Ⅱ型 120g,106.2,1,VALID
2026-05-06,PX000100888400ZZ,5包包邮海氏海诺 倍适威 医用护理垫(拉拉裤型)BKLLK-XL(69cm*80cm)*10片,71.65,1,VALID
2026-05-06,PX000100981200ZZ,5桶包邮金博 医用胶布A型1cm*1000cm*13卷,382.4,3,VALID
2026-05-06,PX000100995500ZZ,10瓶包邮爱心氧吧 便携式医用供氧器SFK-3 1000mL,210.5,2,VALID
2026-05-06,PX000101015500ZZ,36卷包邮倍适威 弹性绷带BSW-04 450cm*5cm 1卷,422.4,10,VALID
2026-05-06,PX000101163900ZZ,2台包邮雅斯 臂式电子血压计JN-163D *1台,181.38,3,VALID
2026-05-06,PX00050373DR02,15盒包邮艾暖 热敷贴96mm×130mm 5片,83.85,1,VALID
2026-05-06,PX001011479000ZZ,10包包邮海氏海诺 倍适威 医用护理垫成人专用型 60cm×90cm 10片,388.35,4,CONFLICT
2026-05-06,PX00280116DR02,10盒包邮雅斯 血糖试纸(电化学法)GLS-77 25片*2罐 罐装,429.2,2,VALID
2026-05-07,PX00000013DR02,10盒包邮三诺 血糖试条安准型 50支 瓶装,297.4,1,VALID
2026-05-07,PX000000405600ZZ,2台包邮鱼跃 臂式电子血压计YE655D *1台,226.26,1,VALID
2026-05-07,PX000000413400ZZ,100片包邮艾暖 暖宝宝 暖贴(一次性发热贴)96mm*130mm*1片装,281.0,6,VALID
2026-05-07,PX000100981200ZZ,5桶包邮金博 医用胶布A型1cm*1000cm*13卷,63.8,1,VALID
2026-05-07,PX000100995500ZZ,40瓶包邮爱心氧吧 便携式医用供氧器SFK-3 1000mL,164.0,1,VALID
2026-05-07,PX000101015500ZZ,36卷包邮倍适威 弹性绷带BSW-04 450cm*5cm 1卷,785.04,13,VALID
2026-05-07,PX000101163900ZZ,2台包邮雅斯 臂式电子血压计JN-163D *1台,121.12,2,VALID
2026-05-07,PX00050094DR02,2盒包邮康祝 真空拔罐器B1X12,52.5,1,VALID
2026-05-07,PX001011479000ZZ,10包包邮海氏海诺 倍适威 医用护理垫成人专用型 60cm×90cm 10片,215.95,2,CONFLICT
2026-05-07,PX00280116DR02,10盒包邮雅斯 血糖试纸(电化学法)GLS-77 25片*2罐 罐装,858.4,4,VALID
2026-05-08,PX00000009DR02,5盒包邮 三诺 血糖试条安稳型 瓶装 50支,230.0,1,CONFLICT
2026-05-08,PX00000038DR02,8盒包邮艾科 灵睿 血糖测试条(葡萄糖氧化酶法)艾科?灵睿（On Call EZII） 25人份 单人份（8盒试纸送1台机子）,1120.96,4,CONFLICT
2026-05-08,PX000000405600ZZ,2台包邮鱼跃 臂式电子血压计YE655D *1台,226.26,1,VALID
2026-05-08,PX000000413200ZZ,120小袋包邮海氏海诺 倍适威 外科纱布敷料纱布块 8cm*10cm 8层 5块,208.8,2,VALID
2026-05-08,PX000000413400ZZ,100片包邮艾暖 暖宝宝 暖贴(一次性发热贴)96mm*130mm*1片装,283.0,6,VALID
2026-05-08,PX000100888400ZZ,5包包邮海氏海诺 倍适威 医用护理垫(拉拉裤型)BKLLK-XL(69cm*80cm)*10片,143.3,2,VALID
2026-05-08,PX000100981200ZZ,5桶包邮金博 医用胶布A型1cm*1000cm*13卷,63.8,1,VALID
2026-05-08,PX000100995500ZZ,40瓶包邮爱心氧吧 便携式医用供氧器SFK-3 1000mL,164.0,1,VALID
2026-05-08,PX000101015500ZZ,36卷包邮倍适威 弹性绷带BSW-04 450cm*5cm 1卷,378.6,9,VALID
2026-05-08,PX000101163900ZZ,2台包邮雅斯 臂式电子血压计JN-163D *1台,425.18,7,VALID
2026-05-08,PX000101259800ZZ,80小袋包邮海氏海诺 医用棉签10cm 40支,68.0,1,VALID
2026-05-08,PX001011445200ZZ,36盒包邮海氏海诺集团 倍适威 棉签BSW-02 8cm允许偏差±1cm 200支,116.64,1,VALID
2026-05-08,PX001011479000ZZ,5包包邮倍适威 医用护理垫方型 60cm×90cm 10片,241.84,3,CONFLICT
2026-05-08,PX00280116DR02,10盒包邮雅斯 血糖试纸(电化学法)GLS-77 25片*2罐 罐装,429.2,2,VALID
2026-05-09,PX00000013DR02,10盒包邮三诺 血糖试条安准型 50支 瓶装,297.4,1,VALID
2026-05-09,PX00000022DR02,4盒包邮艾科 EZIII 血糖测试条艾科?EZIII（On Call EZIII） 50人份 筒装（4盒试纸送1台机子）,141.16,1,VALID
2026-05-09,PX00000038DR02,8盒包邮艾科 灵睿 血糖测试条艾科?灵睿（On Call EZII） 25人份 单人份,160.0,1,CONFLICT
2026-05-09,PX000000405600ZZ,2台包邮鱼跃 臂式电子血压计YE655D *1台,226.26,1,VALID
2026-05-09,PX000000413400ZZ,100片包邮艾暖 暖宝宝 暖贴(一次性发热贴)96mm*130mm*1片装,187.0,4,VALID
2026-05-09,PX000100482000ZZ,144袋包邮海氏海诺集团 艾暖 医用冰袋OPIS-BD-ll 120g*1袋,129.6,1,VALID
2026-05-09,PX000100679500ZZ,30袋包邮海氏海诺 医用冰袋 无需冷藏Ⅱ型 120g,36.6,1,VALID
2026-05-09,PX000100765500ZZ,2盒包邮康祝 康祝真空拔罐器B1X24,98.4,1,VALID
2026-05-09,PX000100888400ZZ,5包包邮海氏海诺 倍适威 医用护理垫(拉拉裤型)BKLLK-XL(69cm*80cm)*10片,214.95,2,VALID
2026-05-09,PX000100998800ZZ,10盒包邮海氏海诺 生理氯化钠溶液（英诺威系列）5ml*21支/盒,112.0,1,VALID
2026-05-09,PX000101015500ZZ,36卷包邮倍适威 弹性绷带BSW-04 450cm*5cm 1卷,363.72,7,VALID
2026-05-09,PX000101163900ZZ,2台包邮雅斯 臂式电子血压计JN-163D *1台,242.84,4,VALID
2026-05-09,PX00050094DR02,2盒包邮康祝 真空拔罐器B1X12,52.5,1,VALID
2026-05-09,PX001011479000ZZ,10包包邮海氏海诺 倍适威 医用护理垫成人专用型 60cm×90cm 10片,346.0,3,CONFLICT
2026-05-09,PX00280116DR02,10盒包邮雅斯 血糖试纸(电化学法)GLS-77 25片*2罐 罐装,214.6,1,VALID
2026-05-10,PX00000038DR02,8盒包邮艾科 灵睿 血糖测试条艾科?灵睿（On Call EZII） 25人份 单人份,160.0,1,CONFLICT
2026-05-10,PX000000405600ZZ,2台包邮鱼跃 臂式电子血压计YE655D *1台,228.6,1,VALID
2026-05-10,PX000000413400ZZ,100片包邮艾暖 暖宝宝 暖贴(一次性发热贴)96mm*130mm*1片装,373.0,8,VALID
2026-05-10,PX000100981200ZZ,5桶包邮金博 医用胶布A型1cm*1000cm*13卷,63.8,1,VALID
2026-05-10,PX000100998800ZZ,10盒包邮海氏海诺 生理氯化钠溶液（英诺威系列）5ml*21支/盒,224.0,1,VALID
2026-05-10,PX000101015500ZZ,36卷包邮倍适威 弹性绷带BSW-04 450cm*5cm 1卷,81.36,2,VALID
2026-05-10,PX000101163900ZZ,2台包邮雅斯 臂式电子血压计JN-163D *1台,181.98,3,VALID
2026-05-10,PX00050094DR02,2盒包邮康祝 真空拔罐器B1X12,129.95,1,VALID
2026-05-10,PX001011479000ZZ,10包包邮海氏海诺 倍适威 医用护理垫成人专用型 60cm×90cm 10片,346.0,4,CONFLICT
2026-05-11,PX00000038DR02,8盒包邮艾科 灵睿 血糖测试条艾科?灵睿（On Call EZII） 25人份 单人份（8盒试纸送1台机子）,160.8,1,CONFLICT
2026-05-11,PX000000405600ZZ,2台包邮鱼跃 臂式电子血压计YE655D *1台,454.86,2,VALID
2026-05-11,PX000000413400ZZ,100片包邮艾暖 暖宝宝 暖贴(一次性发热贴)96mm*130mm*1片装,140.0,3,VALID
2026-05-11,PX000000418200ZZ,2套包邮三诺 安稳+血糖仪套装(血糖仪/血糖测试条/一次性使用末梢采血针)安稳+*1台+安稳+50支*1盒+Ⅰ型 28G 50支,119.6,1,CONFLICT
2026-05-11,PX000100482000ZZ,144袋包邮海氏海诺集团 艾暖 医用冰袋OPIS-BD-ll 120g*1袋,129.6,1,VALID
2026-05-11,PX000100765500ZZ,2盒包邮康祝 康祝真空拔罐器B1X24,99.0,1,VALID
2026-05-11,PX000100888400ZZ,5包包邮海氏海诺 倍适威 医用护理垫(拉拉裤型)BKLLK-XL(69cm*80cm)*10片,143.3,2,VALID
2026-05-11,PX000100981200ZZ,5桶包邮金博 医用胶布A型1cm*1000cm*13卷,63.8,1,VALID
2026-05-11,PX000100995500ZZ,40瓶包邮爱心氧吧 便携式医用供氧器SFK-3 1000mL,162.4,1,VALID
2026-05-11,PX000100998800ZZ,10盒包邮海氏海诺 生理氯化钠溶液(英诺威系列)5ml*21支,112.0,1,VALID
2026-05-11,PX000101015500ZZ,36卷包邮倍适威 弹性绷带BSW-04 450cm*5cm 1卷,512.76,8,VALID
2026-05-11,PX000101094100ZZ,10瓶包邮振德 便携式氧气呼吸器LFBZ-1000 1000ml,186.0,1,VALID
2026-05-11,PX000101163900ZZ,2台包邮雅斯 臂式电子血压计JN-163D *1台,578.83,8,VALID
2026-05-11,PX000101225400ZZ,10瓶包邮 海氏海诺 便携式氧气呼吸器LFBZ-1000 1000ml,139.7,2,VALID
2026-05-11,PX000101259800ZZ,80小袋包邮海氏海诺 医用棉签10cm 40支,28.8,1,VALID
2026-05-11,PX000101293500ZZ,12盒包邮天福 脱敏糊剂120g/支,365.0,1,VALID
2026-05-11,PX000101331500ZZ,20包包邮倍适威 75%酒精卫生湿巾150mm*180mm*50片,81.6,1,VALID
2026-05-11,PX00050094DR02,2盒包邮康祝 真空拔罐器B1X12,183.23,3,VALID
2026-05-11,PX001011479000ZZ,10包包邮海氏海诺 倍适威 医用护理垫成人专用型 60cm×90cm 10片,346.0,4,CONFLICT
2026-05-11,PX00280116DR02,10盒包邮雅斯 血糖试纸(电化学法)GLS-77 25片*2罐 罐装,858.4,2,VALID
2026-05-12,PX000000405600ZZ,2台包邮鱼跃 臂式电子血压计YE655D *1台,5859.36,22,VALID
2026-05-12,PX000000413200ZZ,60小袋包邮海氏海诺 倍适威 外科纱布敷料纱布块 8cm*10cm 8层 5块,151.8,2,VALID
2026-05-12,PX000000413400ZZ,100片包邮艾暖 暖宝宝 暖贴(一次性发热贴)96mm*130mm*1片装,141.0,3,VALID
2026-05-12,PX000100482000ZZ,60袋包邮海氏海诺集团 艾暖 医用冰袋OPIS-BD-ll 120g*1袋,60.0,1,VALID
2026-05-12,PX000100679500ZZ,48袋包邮海氏海诺 医用冰袋 无需冷藏Ⅱ型 120g,56.16,1,VALID
2026-05-12,PX000100888400ZZ,5包包邮海氏海诺 倍适威 医用护理垫(拉拉裤型)BKLLK-XL(69cm*80cm)*10片,917.12,6,VALID
2026-05-12,PX000100995500ZZ,40瓶包邮爱心氧吧 便携式医用供氧器SFK-3 1000mL,164.0,1,VALID
2026-05-12,PX000100998800ZZ,5盒包邮海氏海诺 生理氯化钠溶液(英诺威系列)5ml*21支,57.5,1,VALID
2026-05-12,PX000101015500ZZ,36卷包邮倍适威 弹性绷带BSW-04 450cm*5cm 1卷,177.24,4,VALID
2026-05-12,PX000101163900ZZ,2台包邮雅斯 臂式电子血压计JN-163D *1台,274.17,4,VALID
2026-05-12,PX001011445200ZZ,36盒包邮海氏海诺集团 倍适威 棉签BSW-02 8cm允许偏差±1cm 200支,168.48,2,VALID
2026-05-12,PX001011479000ZZ,10包包邮海氏海诺 倍适威 医用护理垫成人专用型 60cm×90cm 10片,173.0,1,CONFLICT
2026-05-12,PX00280116DR02,10盒包邮雅斯 血糖试纸(电化学法)GLS-77 25片*2罐 罐装,214.6,1,VALID
2026-05-13,PX000000405600ZZ,2台包邮鱼跃 臂式电子血压计YE655D *1台,5156.28,18,VALID
2026-05-13,PX000000413400ZZ,100片包邮艾暖 暖宝宝 暖贴(一次性发热贴)96mm*130mm*1片装,95.0,2,VALID
2026-05-13,PX00000132DR02,5盒包邮三诺 血糖试条GA-3型 50支 瓶装,138.5,1,VALID
2026-05-13,PX000100482000ZZ,48袋包邮海氏海诺集团 艾暖 医用冰袋OPIS-BD-ll 120g*1袋,48.0,1,VALID
2026-05-13,PX000100765500ZZ,2盒包邮康祝 康祝真空拔罐器B1X24,98.58,1,VALID
2026-05-13,PX000100981200ZZ,5桶包邮金博 医用胶布A型1cm*1000cm*13卷,63.8,1,VALID
2026-05-13,PX000100995500ZZ,40瓶包邮爱心氧吧 便携式医用供氧器SFK-3 1000mL,327.2,2,VALID
2026-05-13,PX000100998800ZZ,10盒包邮海氏海诺 生理氯化钠溶液(英诺威系列)5ml*21支,112.0,1,VALID
2026-05-13,PX000101015500ZZ,36卷包邮倍适威 弹性绷带BSW-04 450cm*5cm 1卷,532.2,9,VALID
2026-05-13,PX000101094100ZZ,10瓶包邮振德 便携式氧气呼吸器LFBZ-1000 1000ml,94.0,1,VALID
2026-05-13,PX000101163900ZZ,2台包邮雅斯 臂式电子血压计JN-163D *1台,274.29,4,VALID
2026-05-13,PX000101331500ZZ,20包包邮倍适威 75%酒精卫生湿巾150mm*180mm*50片,122.4,1,VALID
2026-05-13,PX00050094DR02,2盒包邮康祝 真空拔罐器B1X12,105.2,2,VALID
2026-05-13,PX001011445200ZZ,36盒包邮海氏海诺集团 倍适威 棉签BSW-02 8cm允许偏差±1cm 200支,77.76,1,VALID
2026-05-13,PX001011479000ZZ,10包包邮海氏海诺 倍适威 医用护理垫成人专用型 60cm×90cm 10片,259.5,3,CONFLICT
2026-05-14,PX000000405600ZZ,2台包邮鱼跃 臂式电子血压计YE655D *1台,3478.68,12,VALID
2026-05-14,PX000000413400ZZ,100片包邮艾暖 暖宝宝 暖贴(一次性发热贴)96mm*130mm*1片装,48.0,1,VALID
2026-05-14,PX000000424600ZZ,48袋包邮 艾暖 医用冰袋OPIS-BD-II*200g,67.2,1,VALID
2026-05-14,PX000100482000ZZ,60袋包邮海氏海诺集团 艾暖 医用冰袋OPIS-BD-ll 120g*1袋,60.0,1,VALID
2026-05-14,PX000100888400ZZ,5包包邮海氏海诺 倍适威 医用护理垫(拉拉裤型)BKLLK-XL(69cm*80cm)*10片,171.96,1,VALID
2026-05-14,PX000100981200ZZ,5桶包邮金博 医用胶布A型1cm*1000cm*13卷,63.8,1,VALID
2026-05-14,PX000101015500ZZ,36卷包邮倍适威 弹性绷带BSW-04 450cm*5cm 1卷,217.92,5,VALID
2026-05-14,PX000101094100ZZ,10瓶包邮振德 便携式氧气呼吸器LFBZ-1000 1000ml,94.0,1,VALID
2026-05-14,PX000101163900ZZ,2台包邮雅斯 臂式电子血压计JN-163D *1台,243.68,3,VALID
2026-05-14,PX000101172900ZZ,1台包邮欧姆龙 电子血压计(手腕式)HEM-6160J*1台,254.33,2,VALID
2026-05-14,PX001011479000ZZ,10包包邮海氏海诺 倍适威 医用护理垫成人专用型 60cm×90cm 10片,86.5,1,CONFLICT
2026-05-14,PX00280116DR02,10盒包邮雅斯 血糖试纸(电化学法)GLS-77 25片*2罐 罐装,214.6,1,VALID
2026-05-15,PX000000405600ZZ,2台包邮鱼跃 臂式电子血压计YE655D *1台,3822.12,15,VALID
2026-05-15,PX000000413400ZZ,100片包邮艾暖 暖宝宝 暖贴(一次性发热贴)96mm*130mm*1片装,191.0,4,VALID
2026-05-15,PX000100482000ZZ,48袋包邮海氏海诺集团 艾暖 医用冰袋OPIS-BD-ll 120g*1袋,40.0,1,VALID
2026-05-15,PX000100679500ZZ,48袋包邮海氏海诺 医用冰袋 无需冷藏Ⅱ型 120g,56.16,1,VALID
2026-05-15,PX000100888400ZZ,5包包邮海氏海诺 倍适威 医用护理垫(拉拉裤型)BKLLK-XL(69cm*80cm)*10片,71.65,1,VALID
2026-05-15,PX000100995500ZZ,40瓶包邮爱心氧吧 便携式医用供氧器SFK-3 1000mL,163.6,1,VALID
2026-05-15,PX000101015500ZZ,36卷包邮倍适威 弹性绷带BSW-04 450cm*5cm 1卷,692.52,15,VALID
2026-05-15,PX000101163900ZZ,2台包邮雅斯 臂式电子血压计JN-163D *1台,121.12,2,VALID
2026-05-15,PX000101172900ZZ,1台包邮欧姆龙 电子血压计(手腕式)HEM-6160J*1台,381.12,2,VALID
2026-05-15,PX000101259800ZZ,80小袋包邮海氏海诺 医用棉签10cm 40支,28.8,1,VALID
2026-05-15,PX001011479000ZZ,10包包邮海氏海诺 倍适威 医用护理垫成人专用型 60cm×90cm 10片,346.0,3,CONFLICT
2026-05-16,PX000000405600ZZ,2台包邮鱼跃 臂式电子血压计YE655D *1台,3814.92,14,VALID
2026-05-16,PX000000413200ZZ,60小袋包邮海氏海诺 倍适威 外科纱布敷料纱布块 8cm*10cm 8层 5块,61.8,1,VALID
2026-05-16,PX000000413400ZZ,100片包邮艾暖 暖宝宝 暖贴(一次性发热贴)96mm*130mm*1片装,48.0,1,VALID
2026-05-16,PX00000073DR02,2套包邮三诺 安稳+血糖仪套装(血糖仪/血糖测试条/一次性使用末梢采血针)安稳+*1台+安稳+50支*1盒+Ⅰ型 28G 50支,119.0,1,VALID
2026-05-16,PX000101015500ZZ,36卷包邮倍适威 弹性绷带BSW-04 450cm*5cm 1卷,434.88,9,VALID
2026-05-16,PX000101094100ZZ,10瓶包邮振德 便携式氧气呼吸器LFBZ-1000 1000ml,94.0,1,VALID
2026-05-16,PX000101163900ZZ,2台包邮雅斯 臂式电子血压计JN-163D *1台,0.0,0,VALID
2026-05-16,PX000101293500ZZ,12盒包邮天福 脱敏糊剂120g/支,219.0,1,VALID
2026-05-16,PX000101331500ZZ,20包包邮倍适威 75%酒精卫生湿巾150mm*180mm*50片,204.0,1,VALID
2026-05-16,PX001011479000ZZ,10包包邮海氏海诺 倍适威 医用护理垫成人专用型 60cm×90cm 10片,129.75,1,CONFLICT
2026-05-16,PX00280116DR02,10盒包邮雅斯 血糖试纸(电化学法)GLS-77 25片*2罐 罐装,214.6,1,VALID
2026-05-17,PX00000038DR02,8盒包邮艾科 灵睿 血糖测试条艾科?灵睿（On Call EZII） 25人份 单人份,160.0,1,CONFLICT
2026-05-17,PX000000413200ZZ,60小袋包邮海氏海诺 倍适威 外科纱布敷料纱布块 8cm*10cm 8层 5块,61.8,1,VALID
2026-05-17,PX000100888400ZZ,5包包邮海氏海诺 倍适威 医用护理垫(拉拉裤型)BKLLK-XL(69cm*80cm)*10片,143.3,2,VALID
2026-05-17,PX000101015500ZZ,36卷包邮倍适威 弹性绷带BSW-04 450cm*5cm 1卷,284.76,5,VALID
2026-05-17,PX000101094100ZZ,10瓶包邮振德 便携式氧气呼吸器LFBZ-1000 1000ml,94.0,1,VALID
2026-05-17,PX000101163900ZZ,2台包邮雅斯 臂式电子血压计JN-163D *1台,121.12,2,VALID
2026-05-17,PX000101172900ZZ,1台包邮欧姆龙 电子血压计(手腕式)HEM-6160J*1台,381.12,2,VALID
2026-05-17,PX000101259800ZZ,80小袋包邮海氏海诺 医用棉签10cm 40支,42.0,1,VALID
2026-05-17,PX000101348400ZZ,10盒包邮倍适威 专用洗鼻盐3.6g*40袋,0.0,0,VALID
2026-05-17,PX00050094DR02,2盒包邮康祝 真空拔罐器B1X12,130.88,2,VALID
2026-05-18,PX00000038DR02,8盒包邮艾科 灵睿 血糖测试条艾科?灵睿（On Call EZII） 25人份 单人份,1760.0,2,CONFLICT
2026-05-18,PX000000413200ZZ,90小袋包邮海氏海诺 倍适威 外科纱布敷料纱布块 8cm*10cm 8层 5块,180.0,2,VALID
2026-05-18,PX000100482000ZZ,72袋包邮海氏海诺集团 艾暖 医用冰袋OPIS-BD-ll 120g*1袋,71.28,1,VALID
2026-05-18,PX00010049DR02,2台包邮倍尔康 非接触式电子体温计JXB-178*1台,154.0,1,CONFLICT
2026-05-18,PX000100888400ZZ,5包包邮海氏海诺 倍适威 医用护理垫(拉拉裤型)BKLLK-XL(69cm*80cm)*10片,71.65,1,VALID
2026-05-18,PX000100995500ZZ,40瓶包邮爱心氧吧 便携式医用供氧器SFK-3 1000mL,163.6,1,VALID
2026-05-18,PX000101015500ZZ,36卷包邮倍适威 弹性绷带BSW-04 450cm*5cm 1卷,639.48,9,VALID
2026-05-18,PX000101163900ZZ,2台包邮雅斯 臂式电子血压计JN-163D *1台,121.12,2,VALID
2026-05-18,PX001011445200ZZ,36盒包邮海氏海诺集团 倍适威 棉签BSW-02 8cm允许偏差±1cm 200支,77.76,1,VALID
2026-05-18,PX001011479000ZZ,10包包邮海氏海诺 倍适威 医用护理垫成人专用型 60cm×90cm 10片,86.5,1,CONFLICT
2026-05-18,PX00280116DR02,10盒包邮雅斯 血糖试纸(电化学法)GLS-77 25片*2罐 罐装,214.6,1,VALID
2026-05-19,PX00000009DR02,5盒包邮三诺 安稳 血糖试条安稳型 50支/盒,687.15,3,CONFLICT
2026-05-19,PX00000022DR02,4盒包邮艾科 EZIII 血糖测试条艾科?EZIII（On Call EZIII） 50人份 筒装（4盒试纸送1台机子）,425.76,1,VALID
2026-05-19,PX000000405600ZZ,2台包邮鱼跃 臂式电子血压计YE655D *1台,2368.17,11,VALID
2026-05-19,PX000000413200ZZ,120小袋包邮海氏海诺 倍适威 外科纱布敷料纱布块 8cm*10cm 8层 5块,118.8,1,VALID
2026-05-19,PX000000413400ZZ,100片包邮艾暖 暖宝宝 暖贴(一次性发热贴)96mm*130mm*1片装,48.0,1,VALID
2026-05-19,PX000101015500ZZ,36卷包邮倍适威 弹性绷带BSW-04 450cm*5cm 1卷,786.48,17,VALID
2026-05-19,PX000101163900ZZ,2台包邮雅斯 臂式电子血压计JN-163D *1台,121.96,2,VALID
2026-05-19,PX000101308200ZZ,12盒包邮 天福 脱敏糊剂61g/支,118.8,1,VALID
2026-05-19,PX00050094DR02,2盒包邮康祝 真空拔罐器B1X12,51.98,1,VALID
2026-05-19,PX001011479000ZZ,10包包邮海氏海诺 倍适威 医用护理垫成人专用型 60cm×90cm 10片,174.5,2,CONFLICT
2026-05-19,PX00280116DR02,10盒包邮雅斯 血糖试纸(电化学法)GLS-77 25片*2罐 罐装,214.6,1,VALID
2026-05-20,PX00000009DR02,5盒包邮三诺 安稳 血糖试条安稳型 50支/盒,229.05,1,CONFLICT
2026-05-20,PX000000405600ZZ,2台包邮鱼跃 臂式电子血压计YE655D *1台,1580.34,7,VALID
2026-05-20,PX000000413200ZZ,90小袋包邮海氏海诺 倍适威 外科纱布敷料纱布块 8cm*10cm 8层 5块,90.0,1,VALID
2026-05-20,PX000000413400ZZ,100片包邮艾暖 暖宝宝 暖贴(一次性发热贴)96mm*130mm*1片装,140.0,2,VALID
2026-05-20,PX000100482000ZZ,48袋包邮海氏海诺集团 艾暖 医用冰袋OPIS-BD-ll 120g*1袋,0.0,0,VALID
2026-05-20,PX000100679500ZZ,48袋包邮海氏海诺 医用冰袋 无需冷藏Ⅱ型 120g,56.16,1,VALID
2026-05-20,PX000100888400ZZ,5包包邮海氏海诺 倍适威 医用护理垫(拉拉裤型)BKLLK-XL(69cm*80cm)*10片,286.6,3,VALID
2026-05-20,PX000100981200ZZ,5桶包邮 金博 医用胶布A型1cm*1000cm*13卷,130.0,1,VALID
2026-05-20,PX000101015500ZZ,36卷包邮倍适威 弹性绷带BSW-04 450cm*5cm 1卷,1084.8,19,VALID
2026-05-20,PX00050094DR02,2盒包邮康祝 真空拔罐器B1X12,262.18,4,VALID
2026-05-20,PX001011445200ZZ,36盒包邮海氏海诺集团 倍适威 棉签BSW-02 8cm允许偏差±1cm 200支,77.76,1,VALID
2026-05-20,PX001011479000ZZ,10包包邮海氏海诺 倍适威 医用护理垫成人专用型 60cm×90cm 10片,529.17,6,CONFLICT
2026-05-20,PX00280116DR02,10盒包邮雅斯 血糖试纸(电化学法)GLS-77 25片*2罐 罐装,214.6,1,VALID
2026-05-21,PX00000022DR02,4盒包邮艾科 EZIII 血糖测试条艾科?EZIII（On Call EZIII） 50人份 筒装（4盒试纸送1台机子）,142.2,1,VALID
2026-05-21,PX00000038DR02,8盒包邮艾科 灵睿 血糖测试条艾科?灵睿（On Call EZII） 25人份 单人份,160.0,1,CONFLICT
2026-05-21,PX000000405600ZZ,2台包邮鱼跃 臂式电子血压计YE655D *1台,1581.06,7,VALID
2026-05-21,PX000000413200ZZ,120小袋包邮海氏海诺 倍适威 外科纱布敷料纱布块 8cm*10cm 8层 5块,118.8,1,VALID
2026-05-21,PX000000413400ZZ,100片包邮艾暖 暖宝宝 暖贴(一次性发热贴)96mm*130mm*1片装,48.0,1,VALID
2026-05-21,PX000000418200ZZ,2套包邮三诺 安稳+血糖仪套装(血糖仪/血糖测试条/一次性使用末梢采血针)安稳+*1台+安稳+50支*1盒+Ⅰ型 28G 50支,118.0,1,CONFLICT
2026-05-21,PX000011381600ZZ,1台包邮雅斯 臂式电子血压计JN-163B *1台,0.0,0,VALID
2026-05-21,PX00010043DR02,2台包邮欧姆龙 电子血压计(上臂式)HEM-7121,280.44,1,CONFLICT
2026-05-21,PX000100482000ZZ,48袋包邮海氏海诺集团 艾暖 医用冰袋OPIS-BD-ll 120g*1袋,52.92,1,VALID
2026-05-21,PX000100981200ZZ,5桶包邮 金博 医用胶布A型1cm*1000cm*13卷,65.0,1,VALID
2026-05-21,PX000100998800ZZ,5盒包邮海氏海诺 生理氯化钠溶液(英诺威系列)5ml*21支,121.0,2,VALID
2026-05-21,PX000101015500ZZ,36卷包邮倍适威 弹性绷带BSW-04 450cm*5cm 1卷,962.76,15,VALID
2026-05-21,PX000101163900ZZ,2台包邮雅斯 臂式电子血压计JN-163D *1台,91.29,2,VALID
2026-05-21,PX000101259800ZZ,80小袋包邮海氏海诺 医用棉签10cm 40支,28.8,1,VALID
2026-05-21,PX000101293500ZZ,12盒包邮天福 脱敏糊剂120g/支,365.0,1,VALID
2026-05-21,PX000101331500ZZ,20包包邮倍适威 75%酒精卫生湿巾150mm*180mm*50片,81.6,1,VALID
2026-05-21,PX001011479000ZZ,10包包邮海氏海诺 倍适威 医用护理垫成人专用型 60cm×90cm 10片,214.0,2,CONFLICT
2026-05-21,PX00280116DR02,10盒包邮雅斯 血糖试纸(电化学法)GLS-77 25片*2罐 罐装,643.8,2,VALID
2026-05-22,PX00000038DR02,8盒包邮艾科 灵睿 血糖测试条艾科?灵睿（On Call EZII） 25人份 单人份,160.0,1,CONFLICT
2026-05-22,PX000000405600ZZ,2台包邮鱼跃 臂式电子血压计YE655D *1台,902.16,4,VALID
2026-05-22,PX000000413200ZZ,90小袋包邮海氏海诺 倍适威 外科纱布敷料纱布块 8cm*10cm 8层 5块,90.0,1,VALID
2026-05-22,PX000000413400ZZ,100片包邮艾暖 暖宝宝 暖贴(一次性发热贴)96mm*130mm*1片装,95.0,2,VALID
2026-05-22,PX000000418200ZZ,2套包邮三诺 安稳+血糖仪套装(血糖仪/血糖测试条/一次性使用末梢采血针)安稳+*1台+安稳+50支*1盒+Ⅰ型 28G 50支,0.0,0,CONFLICT
2026-05-22,PX000100482000ZZ,48袋包邮海氏海诺集团 艾暖 医用冰袋OPIS-BD-ll 120g*1袋,141.12,1,VALID
2026-05-22,PX000100765500ZZ,2盒包邮康祝 康祝真空拔罐器B1X24,147.87,1,VALID
2026-05-22,PX000100998800ZZ,5盒包邮海氏海诺 生理氯化钠溶液(英诺威系列)5ml*21支,278.9,4,VALID
2026-05-22,PX000101015500ZZ,36卷包邮倍适威 弹性绷带BSW-04 450cm*5cm 1卷,555.96,10,VALID
2026-05-22,PX001011425400ZZ,20包包邮海氏海诺 倍适威 医用检查手套聚乙烯(PE)型 中号(M) 100只,37.0,1,VALID
2026-05-22,PX001011445200ZZ,36盒包邮海氏海诺集团 倍适威 棉签BSW-02 8cm允许偏差±1cm 200支,77.76,1,VALID
2026-05-22,PX00280116DR02,10盒包邮雅斯 血糖试纸(电化学法)GLS-77 25片*2罐 罐装,858.4,4,VALID
2026-05-23,PX000000405600ZZ,2台包邮鱼跃 臂式电子血压计YE655D *1台,451.08,2,VALID
2026-05-23,PX000000413200ZZ,90小袋包邮海氏海诺 倍适威 外科纱布敷料纱布块 8cm*10cm 8层 5块,180.0,2,VALID
2026-05-23,PX000000413400ZZ,100片包邮艾暖 暖宝宝 暖贴(一次性发热贴)96mm*130mm*1片装,96.0,1,VALID
2026-05-23,PX000100482000ZZ,48袋包邮海氏海诺集团 艾暖 医用冰袋OPIS-BD-ll 120g*1袋,94.08,2,VALID
2026-05-23,PX000100998800ZZ,5盒包邮海氏海诺 生理氯化钠溶液(英诺威系列)5ml*21支,302.5,5,VALID
2026-05-23,PX000101015500ZZ,36卷包邮倍适威 弹性绷带BSW-04 450cm*5cm 1卷,962.76,18,VALID
2026-05-23,PX000101163900ZZ,2台包邮雅斯 臂式电子血压计JN-163D *1台,121.72,2,VALID
2026-05-23,PX001011479000ZZ,10包包邮海氏海诺 倍适威 医用护理垫成人专用型 60cm×90cm 10片,601.0,5,CONFLICT
2026-05-23,PX00280116DR02,10盒包邮雅斯 血糖试纸(电化学法)GLS-77 25片*2罐 罐装,429.2,2,VALID
2026-05-24,PX00000022DR02,4盒包邮艾科 EZIII 血糖测试条艾科?EZIII（On Call EZIII） 50人份 筒装（4盒试纸送1台机子）,141.16,1,VALID
2026-05-24,PX000000413200ZZ,90小袋包邮海氏海诺 倍适威 外科纱布敷料纱布块 8cm*10cm 8层 5块,90.0,1,VALID
2026-05-24,PX000000413400ZZ,100片包邮艾暖 暖宝宝 暖贴(一次性发热贴)96mm*130mm*1片装,140.0,2,VALID
2026-05-24,PX000100998800ZZ,5盒包邮海氏海诺 生理氯化钠溶液(英诺威系列)5ml*21支,363.0,5,VALID
2026-05-24,PX000101015500ZZ,36卷包邮倍适威 弹性绷带BSW-04 450cm*5cm 1卷,569.52,13,VALID
2026-05-24,PX000101277000ZZ,5盒包邮海氏海诺 叶黄素蒸汽眼罩A291*8cm*18.5cm*10袋,31.3,1,VALID
2026-05-24,PX000101293500ZZ,12盒包邮天福 脱敏糊剂120g/支,547.5,1,VALID
2026-05-24,PX000101348400ZZ,10盒包邮倍适威 专用洗鼻盐3.6g*40袋,76.95,1,VALID
2026-05-24,PX001011445200ZZ,36盒包邮海氏海诺集团 倍适威 棉签BSW-02 8cm允许偏差±1cm 200支,90.72,1,VALID
2026-05-24,PX001011479000ZZ,10包包邮海氏海诺 倍适威 医用护理垫成人专用型 60cm×90cm 10片,173.0,2,CONFLICT
2026-05-24,PX00280116DR02,10盒包邮雅斯 血糖试纸(电化学法)GLS-77 25片*2罐 罐装,429.2,1,VALID
2026-05-25,PX000000405600ZZ,2台包邮鱼跃 臂式电子血压计YE655D *1台,2478.96,8,VALID
2026-05-25,PX000000413200ZZ,120小袋包邮海氏海诺 倍适威 外科纱布敷料纱布块 8cm*10cm 8层 5块,118.8,1,VALID
2026-05-25,PX00010043DR02,2台包邮欧姆龙 电子血压计(上臂式)HEM-7121,278.76,1,CONFLICT
2026-05-25,PX000100888400ZZ,5包包邮海氏海诺 倍适威 医用护理垫(拉拉裤型)BKLLK-XL(69cm*80cm)*10片,71.65,1,VALID
2026-05-25,PX000100981200ZZ,5桶包邮金博 医用胶布A型1cm*1000cm*13卷,127.6,2,VALID
2026-05-25,PX000100998800ZZ,5盒包邮海氏海诺 生理氯化钠溶液(英诺威系列)5ml*21支,181.5,2,VALID
2026-05-25,PX000101015500ZZ,36卷包邮倍适威 弹性绷带BSW-04 450cm*5cm 1卷,759.36,16,VALID
2026-05-25,PX000101259800ZZ,80小袋包邮海氏海诺 医用棉签10cm 40支,57.6,2,VALID
2026-05-25,PX000101293500ZZ,12盒包邮天福 脱敏糊剂120g/支,217.92,1,VALID
2026-05-25,PX000101331500ZZ,20包包邮倍适威 75%酒精卫生湿巾150mm*180mm*50片,81.6,1,VALID
2026-05-25,PX000101348400ZZ,10盒包邮倍适威 专用洗鼻盐3.6g*40袋,40.5,1,VALID
2026-05-25,PX00050094DR02,2盒包邮康祝 真空拔罐器B1X12,52.5,1,VALID
2026-05-25,PX001011445200ZZ,36盒包邮海氏海诺集团 倍适威 棉签BSW-02 8cm允许偏差±1cm 200支,77.76,1,VALID
2026-05-25,PX001011479000ZZ,10包包邮海氏海诺 倍适威 医用护理垫成人专用型 60cm×90cm 10片,394.85,4,CONFLICT
2026-05-26,PX000000405600ZZ,2台包邮鱼跃 臂式电子血压计YE655D *1台,4273.93,13,VALID
2026-05-26,PX000000413400ZZ,100片包邮艾暖 暖宝宝 暖贴(一次性发热贴)96mm*130mm*1片装,140.0,2,VALID
2026-05-26,PX000100482000ZZ,48袋包邮海氏海诺集团 艾暖 医用冰袋OPIS-BD-ll 120g*1袋,148.98,3,VALID
2026-05-26,PX000100765500ZZ,2盒包邮康祝 康祝真空拔罐器B1X24,98.5,1,VALID
2026-05-26,PX000100998800ZZ,5盒包邮海氏海诺 生理氯化钠溶液(英诺威系列)5ml*21支,60.5,1,VALID
2026-05-26,PX000101015500ZZ,36卷包邮倍适威 弹性绷带BSW-04 450cm*5cm 1卷,636.36,10,VALID
2026-05-26,PX000101293500ZZ,12盒包邮天福 脱敏糊剂120g/支,217.92,1,VALID
2026-05-26,PX000101331500ZZ,10包包邮倍适威 75%酒精卫生湿巾150mm*180mm*50片,67.2,1,VALID
2026-05-26,PX001011479000ZZ,10包包邮海氏海诺 倍适威 医用护理垫成人专用型 60cm×90cm 10片,172.1,2,CONFLICT
2026-05-26,PX00280116DR02,10盒包邮雅斯 血糖试纸(电化学法)GLS-77 25片*2罐 罐装,427.1,2,VALID
2026-05-27,PX00000038DR02,8盒包邮艾科 灵睿 血糖测试条(葡萄糖氧化酶法)艾科?灵睿（On Call EZII） 25人份 单人份（8盒试纸送1台机子）,320.32,1,CONFLICT
2026-05-27,PX000000405600ZZ,2台包邮鱼跃 臂式电子血压计YE655D *1台,4160.12,15,VALID
2026-05-27,PX000100482000ZZ,48袋包邮海氏海诺集团 艾暖 医用冰袋OPIS-BD-ll 120g*1袋,393.96,8,VALID
2026-05-27,PX000100998800ZZ,5盒包邮海氏海诺 生理氯化钠溶液(英诺威系列)5ml*21支,96.8,1,VALID
2026-05-27,PX000101015500ZZ,36卷包邮倍适威 弹性绷带BSW-04 450cm*5cm 1卷,812.88,19,VALID
2026-05-27,PX000101140700ZZ,10盒包邮海氏海诺 一次性使用医用外科口罩无菌耳挂式平面形 17.5cm×9.5cm *50只,115.0,1,VALID
2026-05-27,PX000101163900ZZ,2台包邮雅斯 臂式电子血压计JN-163D *1台,0.0,0,VALID
2026-05-27,PX00050094DR02,2盒包邮康祝 真空拔罐器B1X12,259.62,4,VALID
2026-05-27,PX001011445200ZZ,36盒包邮海氏海诺集团 倍适威 棉签BSW-02 8cm允许偏差±1cm 200支,77.76,1,VALID
2026-05-27,PX001011479000ZZ,10包包邮海氏海诺 倍适威 医用护理垫成人专用型 60cm×90cm 10片,173.0,2,CONFLICT
2026-05-27,PX00280116DR02,10盒包邮雅斯 血糖试纸(电化学法)GLS-77 25片*2罐 罐装,214.6,1,VALID
2026-05-28,PX000000405600ZZ,2台包邮鱼跃 臂式电子血压计YE655D *1台,4046.31,14,VALID
2026-05-28,PX000000413400ZZ,100片包邮艾暖 暖宝宝 暖贴(一次性发热贴)96mm*130mm*1片装,48.0,1,VALID
2026-05-28,PX000100482000ZZ,48袋包邮海氏海诺集团 艾暖 医用冰袋OPIS-BD-ll 120g*1袋,457.38,5,VALID
2026-05-28,PX000100888400ZZ,5包包邮海氏海诺 倍适威 医用护理垫(拉拉裤型)BKLLK-XL(69cm*80cm)*10片,71.65,1,VALID
2026-05-28,PX000100981200ZZ,5桶包邮金博 医用胶布A型1cm*1000cm*13卷,63.8,1,VALID
2026-05-28,PX000100998800ZZ,5盒包邮海氏海诺 生理氯化钠溶液(英诺威系列)5ml*21支,121.0,2,VALID
2026-05-28,PX000101015500ZZ,36卷包邮倍适威 弹性绷带BSW-04 450cm*5cm 1卷,325.44,8,VALID
2026-05-28,PX000101163900ZZ,2台包邮雅斯 臂式电子血压计JN-163D *1台,242.88,4,VALID
2026-05-28,PX000101331500ZZ,20包包邮倍适威 75%酒精卫生湿巾150mm*180mm*50片,81.6,1,VALID
2026-05-28,PX00050094DR02,2盒包邮康祝 真空拔罐器B1X12,182.28,2,VALID
2026-05-28,PX001011425400ZZ,20包包邮海氏海诺 倍适威 医用检查手套聚乙烯(PE)型 中号(M) 100只,37.0,1,VALID
2026-05-28,PX001011479000ZZ,10包包邮海氏海诺 倍适威 医用护理垫成人专用型 60cm×90cm 10片,258.6,3,CONFLICT
2026-05-29,PX000000405600ZZ,2台包邮鱼跃 臂式电子血压计YE655D *1台,3703.75,11,VALID
2026-05-29,PX00010043DR02,2台包邮欧姆龙 电子血压计HEM-7121,305.8,1,CONFLICT
2026-05-29,PX000100482000ZZ,48袋包邮海氏海诺集团 艾暖 医用冰袋OPIS-BD-ll 120g*1袋,332.64,5,VALID
2026-05-29,PX000100995500ZZ,40瓶包邮爱心氧吧 便携式医用供氧器SFK-3 1000mL,413.09,3,VALID
2026-05-29,PX000101015500ZZ,36卷包邮倍适威 弹性绷带BSW-04 450cm*5cm 1卷,771.0,18,VALID
2026-05-29,PX000101140700ZZ,10盒包邮海氏海诺 一次性使用医用外科口罩无菌耳挂式平面形 17.5cm×9.5cm *50只,115.0,1,VALID
2026-05-29,PX000101163900ZZ,2台包邮雅斯 臂式电子血压计JN-163D *1台,182.16,3,VALID
2026-05-29,PX00050094DR02,2盒包邮康祝 真空拔罐器B1X12,130.2,1,VALID
2026-05-29,PX001011445200ZZ,36盒包邮海氏海诺集团 倍适威 棉签BSW-02 8cm允许偏差±1cm 200支,77.76,1,VALID
2026-05-30,PX00000022DR02,4盒包邮艾科 EZIII 血糖测试条(葡萄糖氧化酶法)艾科?EZIII（On Call EZIII） 50人份 筒装（4盒试纸送,284.0,1,VALID
2026-05-30,PX000000405600ZZ,2台包邮鱼跃 臂式电子血压计YE655D *1台,2356.11,10,VALID
2026-05-30,PX000000413200ZZ,120小袋包邮海氏海诺 倍适威 外科纱布敷料纱布块 8cm*10cm 8层 5块,117.6,1,VALID
2026-05-30,PX000000413400ZZ,100片包邮艾暖 暖宝宝 暖贴(一次性发热贴)96mm*130mm*1片装,48.0,1,VALID
2026-05-30,PX000100482000ZZ,48袋包邮海氏海诺集团 艾暖 医用冰袋OPIS-BD-ll 120g*1袋,48.0,1,VALID
2026-05-30,PX000100997900ZZ,10盒包邮安迪美格 三角绷带纱布型96cm*96cm*136cm*1只装,63.0,1,VALID
2026-05-30,PX000100998800ZZ,5盒包邮海氏海诺 生理氯化钠溶液(英诺威系列)5ml*21支,60.5,1,VALID
2026-05-30,PX000101015500ZZ,36卷包邮倍适威 弹性绷带BSW-04 450cm*5cm 1卷,1152.96,24,VALID
2026-05-30,PX000101140700ZZ,10盒包邮海氏海诺 一次性使用医用外科口罩无菌耳挂式平面形 17.5cm×9.5cm *50只,230.0,1,VALID
2026-05-30,PX000101163900ZZ,2台包邮雅斯 臂式电子血压计JN-163D *1台,60.72,1,VALID
2026-05-30,PX000101259800ZZ,80小袋包邮海氏海诺 医用棉签10cm 40支,28.8,1,VALID
2026-05-30,PX001011445200ZZ,36盒包邮海氏海诺集团 倍适威 棉签BSW-02 8cm允许偏差±1cm 200支,208.56,2,VALID
2026-05-30,PX001011479000ZZ,10包包邮海氏海诺 倍适威 医用护理垫成人专用型 60cm×90cm 10片,129.75,1,CONFLICT
