version_group,file_name,date_or_version,rows,columns,date_range,likely_latest,relationship
26年非药运营&商务绩效5月,26年非药运营&商务绩效5月.pptx,,,,,UNCONFIRMED,same_structure_or_related_name;manual_confirmation_required
26年非药运营&商务绩效5月,26年非药运营&商务绩效5月.pptx,,,,,UNCONFIRMED,same_structure_or_related_name;manual_confirmation_required
商业季度绩效,商业季度绩效.eml,,,,,UNCONFIRMED,same_structure_or_related_name;manual_confirmation_required
商业季度绩效,商业季度绩效.eml,,,,,UNCONFIRMED,same_structure_or_related_name;manual_confirmation_required
绩效额外附加表格,绩效额外附加表格.xlsx,,16,2,,UNCONFIRMED,single_observed_file
非药商务绩效+热销价+商家进度统计_DATE_sub_高运,非药商务绩效+热销价+商家进度统计_2026-05-25_sub_高运.xlsx,,5,19,月份:2026-01-01..2026-05-01,UNCONFIRMED,same_structure_or_related_name;manual_confirmation_required
非药商务绩效+热销价+商家进度统计_DATE_sub_高运,非药商务绩效+热销价+商家进度统计_2026-05-25_sub_高运.xlsx,,18,8,月份:2024-12-01..2026-05-01,UNCONFIRMED,same_structure_or_related_name;manual_confirmation_required
非药商务绩效+热销价+商家进度统计_DATE_sub_高运,非药商务绩效+热销价+商家进度统计_2026-05-25_sub_高运.xlsx,,1418,17,月份:2024-12-01..2026-05-01 | 商业开店日期:2016-12-26..2026-05-18,UNCONFIRMED,same_structure_or_related_name;manual_confirmation_required
非药商务绩效+热销价+商家进度统计_DATE_sub_高运,非药商务绩效+热销价+商家进度统计_2026-05-25_sub_高运.xlsx,,112,56,商业开店日期:2016-12-26..2026-05-18 | 商业首单日期:2016-12-30..2026-05-19,UNCONFIRMED,same_structure_or_related_name;manual_confirmation_required
非药商务绩效+热销价+商家进度统计_DATE_sub_高运,非药商务绩效+热销价+商家进度统计_2026-05-25_sub_高运.xlsx,,102,44,商业开店日期:2025-08-29..2026-05-21 | 商业首单日期:2025-09-17..2026-05-19 | 月份:2025-01-01..2026-05-01 | 日期_dt:2025-09-17..2026-05-19 | 参考月份_dt:2025-10-17..2026-06-19 | 月份_dt:2025-01-01..2026-05-01 | 开店月份:2025-08-01..2026-05-01 | 首单月份:2025-09-01..2026-05-01,UNCONFIRMED,same_structure_or_related_name;manual_confirmation_required
非药商务绩效+热销价+商家进度统计_DATE_sub_高运,非药商务绩效+热销价+商家进度统计_2026-05-25_sub_高运.xlsx,,1,9,月份:2026-04-01..2026-04-01,UNCONFIRMED,same_structure_or_related_name;manual_confirmation_required
非药商务绩效+热销价+商家进度统计_DATE_sub_高运,非药商务绩效+热销价+商家进度统计_2026-05-28_sub_高运.xlsx,,5,21,月份:2026-01-01..2026-05-01,UNCONFIRMED,same_structure_or_related_name;manual_confirmation_required
非药商务绩效+热销价+商家进度统计_DATE_sub_高运,非药商务绩效+热销价+商家进度统计_2026-05-28_sub_高运.xlsx,,18,8,月份:2024-12-01..2026-05-01,UNCONFIRMED,same_structure_or_related_name;manual_confirmation_required
非药商务绩效+热销价+商家进度统计_DATE_sub_高运,非药商务绩效+热销价+商家进度统计_2026-05-28_sub_高运.xlsx,,1418,17,月份:2024-12-01..2026-05-01 | 商业开店日期:2016-12-26..2026-05-18,UNCONFIRMED,same_structure_or_related_name;manual_confirmation_required
非药商务绩效+热销价+商家进度统计_DATE_sub_高运,非药商务绩效+热销价+商家进度统计_2026-05-28_sub_高运.xlsx,,112,56,商业开店日期:2016-12-26..2026-05-18 | 商业首单日期:2016-12-30..2026-05-19,UNCONFIRMED,same_structure_or_related_name;manual_confirmation_required
非药商务绩效+热销价+商家进度统计_DATE_sub_高运,非药商务绩效+热销价+商家进度统计_2026-05-28_sub_高运.xlsx,,102,29,月份:2025-01-01..2026-05-01 | 开店月份:2025-08-01..2026-05-01 | 首单月份:2025-09-01..2026-05-01,UNCONFIRMED,same_structure_or_related_name;manual_confirmation_required
非药商务绩效+热销价+商家进度统计_DATE_sub_高运,非药商务绩效+热销价+商家进度统计_2026-05-28_sub_高运.xlsx,,1,23,在药师帮注册日期:2024-08-27..2024-08-27 | 启用日期:2025-09-13..2025-09-13 | 药店首单日期:2025-11-13..2025-11-13 | 药采购权限审核通过日期:2025-09-13..2025-09-13 | 最近一次申请药采购权限时间:2025-09-13..2025-09-13,UNCONFIRMED,same_structure_or_related_name;manual_confirmation_required
非药商务绩效+热销价+商家进度统计_DATE_sub_高运,非药商务绩效+热销价+商家进度统计_2026-05-28_sub_高运.xlsx,,1,9,月份:2026-04-01..2026-04-01,UNCONFIRMED,same_structure_or_related_name;manual_confirmation_required
非药商务绩效+热销价+商家进度统计_DATE_sub_高运,非药商务绩效+热销价+商家进度统计_2026-06-01_sub_高运.xlsx,,6,21,月份:2026-01-01..2026-06-01,UNCONFIRMED,same_structure_or_related_name;manual_confirmation_required
非药商务绩效+热销价+商家进度统计_DATE_sub_高运,非药商务绩效+热销价+商家进度统计_2026-06-01_sub_高运.xlsx,,18,8,月份:2024-12-01..2026-05-01,UNCONFIRMED,same_structure_or_related_name;manual_confirmation_required
非药商务绩效+热销价+商家进度统计_DATE_sub_高运,非药商务绩效+热销价+商家进度统计_2026-06-01_sub_高运.xlsx,,1419,17,月份:2024-12-01..2026-05-01 | 商业开店日期:2016-12-26..2026-05-28,UNCONFIRMED,same_structure_or_related_name;manual_confirmation_required
非药商务绩效+热销价+商家进度统计_DATE_sub_高运,非药商务绩效+热销价+商家进度统计_2026-06-01_sub_高运.xlsx,,113,56,商业开店日期:2016-12-26..2026-05-28 | 商业首单日期:2016-12-30..2026-05-29,UNCONFIRMED,same_structure_or_related_name;manual_confirmation_required
非药商务绩效+热销价+商家进度统计_DATE_sub_高运,非药商务绩效+热销价+商家进度统计_2026-06-01_sub_高运.xlsx,,115,29,月份:2025-01-01..2026-06-01 | 开店月份:2025-08-01..2026-05-01 | 首单月份:2025-09-01..2026-05-01,UNCONFIRMED,same_structure_or_related_name;manual_confirmation_required
非药商务绩效+热销价+商家进度统计_DATE_sub_高运,非药商务绩效+热销价+商家进度统计_2026-06-01_sub_高运.xlsx,,1,23,在药师帮注册日期:2024-08-27..2024-08-27 | 启用日期:2025-09-13..2025-09-13 | 药店首单日期:2025-11-13..2025-11-13 | 药采购权限审核通过日期:2025-09-13..2025-09-13 | 最近一次申请药采购权限时间:2025-09-13..2025-09-13,UNCONFIRMED,same_structure_or_related_name;manual_confirmation_required
非药商务绩效+热销价+商家进度统计_DATE_sub_高运,非药商务绩效+热销价+商家进度统计_2026-06-01_sub_高运.xlsx,,1,9,月份:2026-04-01..2026-04-01,UNCONFIRMED,same_structure_or_related_name;manual_confirmation_required
非药商务绩效+热销价+商家进度统计_DATE_sub_高运,非药商务绩效+热销价+商家进度统计_2026-07-01_sub_高运 (1).xlsx,,7,21,月份:2026-01-01..2026-07-01,UNCONFIRMED,same_structure_or_related_name;manual_confirmation_required
非药商务绩效+热销价+商家进度统计_DATE_sub_高运,非药商务绩效+热销价+商家进度统计_2026-07-01_sub_高运 (1).xlsx,,19,8,月份:2024-12-01..2026-06-01,UNCONFIRMED,same_structure_or_related_name;manual_confirmation_required
非药商务绩效+热销价+商家进度统计_DATE_sub_高运,非药商务绩效+热销价+商家进度统计_2026-07-01_sub_高运 (1).xlsx,,195,17,月份:2024-12-01..2026-06-01 | 商业开店日期:2023-01-12..2026-06-23,UNCONFIRMED,same_structure_or_related_name;manual_confirmation_required
非药商务绩效+热销价+商家进度统计_DATE_sub_高运,非药商务绩效+热销价+商家进度统计_2026-07-01_sub_高运 (1).xlsx,,35,57,商业开店日期:2023-01-12..2026-06-23 | 商业首单日期:2023-07-07..2026-06-27,UNCONFIRMED,same_structure_or_related_name;manual_confirmation_required
非药商务绩效+热销价+商家进度统计_DATE_sub_高运,非药商务绩效+热销价+商家进度统计_2026-07-01_sub_高运 (1).xlsx,,23,30,月份:2026-06-01..2026-06-01 | 开店月份:2026-01-01..2026-06-01 | 首单月份:2026-01-01..2026-06-01,UNCONFIRMED,same_structure_or_related_name;manual_confirmation_required
非药商务绩效+热销价+商家进度统计_DATE_sub_高运,非药商务绩效+热销价+商家进度统计_2026-07-01_sub_高运 (1).xlsx,,199,47,商业开店日期:2025-08-29..2026-06-29 | 商业首单日期:2025-09-17..2026-06-27 | 月份:2025-01-01..2026-07-01 | 日期_dt:2025-09-17..2026-06-27 | 参考月份_dt:2025-10-17..2026-07-27 | 月份_dt:2025-01-01..2026-07-01 | 开店月份:2025-08-01..2026-06-01 | 首单月份:2025-09-01..2026-06-01,UNCONFIRMED,same_structure_or_related_name;manual_confirmation_required
非药商务绩效+热销价+商家进度统计_DATE_sub_高运,非药商务绩效+热销价+商家进度统计_2026-07-01_sub_高运 (1).xlsx,,1,26,在药师帮注册日期:2024-08-27..2024-08-27 | 启用日期:2025-09-13..2025-09-13 | 药店首单日期:2025-11-13..2025-11-13 | 药采购权限审核通过日期:2025-09-13..2025-09-13 | 最近一次申请药采购权限时间:2025-09-13..2025-09-13,UNCONFIRMED,same_structure_or_related_name;manual_confirmation_required
非药商务绩效+热销价+商家进度统计_DATE_sub_高运,非药商务绩效+热销价+商家进度统计_2026-07-01_sub_高运 (1).xlsx,,1,10,月份:2026-04-01..2026-04-01,UNCONFIRMED,same_structure_or_related_name;manual_confirmation_required
非药商务绩效+热销价+商家进度统计_DATE_sub_高运,非药商务绩效+热销价+商家进度统计_2026-07-01_sub_高运.xlsx,,7,21,月份:2026-01-01..2026-07-01,UNCONFIRMED,same_structure_or_related_name;manual_confirmation_required
非药商务绩效+热销价+商家进度统计_DATE_sub_高运,非药商务绩效+热销价+商家进度统计_2026-07-01_sub_高运.xlsx,,19,8,月份:2024-12-01..2026-06-01,UNCONFIRMED,same_structure_or_related_name;manual_confirmation_required
非药商务绩效+热销价+商家进度统计_DATE_sub_高运,非药商务绩效+热销价+商家进度统计_2026-07-01_sub_高运.xlsx,,195,17,月份:2024-12-01..2026-06-01 | 商业开店日期:2023-01-12..2026-06-23,UNCONFIRMED,same_structure_or_related_name;manual_confirmation_required
非药商务绩效+热销价+商家进度统计_DATE_sub_高运,非药商务绩效+热销价+商家进度统计_2026-07-01_sub_高运.xlsx,,35,57,商业开店日期:2023-01-12..2026-06-23 | 商业首单日期:2023-07-07..2026-06-27,UNCONFIRMED,same_structure_or_related_name;manual_confirmation_required
非药商务绩效+热销价+商家进度统计_DATE_sub_高运,非药商务绩效+热销价+商家进度统计_2026-07-01_sub_高运.xlsx,,23,30,月份:2026-06-01..2026-06-01 | 开店月份:2026-01-01..2026-06-01 | 首单月份:2026-01-01..2026-06-01,UNCONFIRMED,same_structure_or_related_name;manual_confirmation_required
非药商务绩效+热销价+商家进度统计_DATE_sub_高运,非药商务绩效+热销价+商家进度统计_2026-07-01_sub_高运.xlsx,,199,47,商业开店日期:2025-08-29..2026-06-29 | 商业首单日期:2025-09-17..2026-06-27 | 月份:2025-01-01..2026-07-01 | 日期_dt:2025-09-17..2026-06-27 | 参考月份_dt:2025-10-17..2026-07-27 | 月份_dt:2025-01-01..2026-07-01 | 开店月份:2025-08-01..2026-06-01 | 首单月份:2025-09-01..2026-06-01,UNCONFIRMED,same_structure_or_related_name;manual_confirmation_required
非药商务绩效+热销价+商家进度统计_DATE_sub_高运,非药商务绩效+热销价+商家进度统计_2026-07-01_sub_高运.xlsx,,1,26,在药师帮注册日期:2024-08-27..2024-08-27 | 启用日期:2025-09-13..2025-09-13 | 药店首单日期:2025-11-13..2025-11-13 | 药采购权限审核通过日期:2025-09-13..2025-09-13 | 最近一次申请药采购权限时间:2025-09-13..2025-09-13,UNCONFIRMED,same_structure_or_related_name;manual_confirmation_required
非药商务绩效+热销价+商家进度统计_DATE_sub_高运,非药商务绩效+热销价+商家进度统计_2026-07-01_sub_高运.xlsx,,1,10,月份:2026-04-01..2026-04-01,UNCONFIRMED,same_structure_or_related_name;manual_confirmation_required
非药商务绩效+热销价+商家进度统计_DATE_sub_高运,非药商务绩效+热销价+商家进度统计_2026-07-03_sub_高运.xlsx,,7,21,月份:2026-01-01..2026-07-01,UNCONFIRMED,same_structure_or_related_name;manual_confirmation_required
非药商务绩效+热销价+商家进度统计_DATE_sub_高运,非药商务绩效+热销价+商家进度统计_2026-07-03_sub_高运.xlsx,,20,8,月份:2024-12-01..2026-07-01,UNCONFIRMED,same_structure_or_related_name;manual_confirmation_required
非药商务绩效+热销价+商家进度统计_DATE_sub_高运,非药商务绩效+热销价+商家进度统计_2026-07-03_sub_高运.xlsx,,225,17,月份:2024-12-01..2026-07-01 | 商业开店日期:2023-01-12..2026-06-23,UNCONFIRMED,same_structure_or_related_name;manual_confirmation_required
非药商务绩效+热销价+商家进度统计_DATE_sub_高运,非药商务绩效+热销价+商家进度统计_2026-07-03_sub_高运.xlsx,,35,57,商业开店日期:2023-01-12..2026-06-23 | 商业首单日期:2023-07-07..2026-06-27,UNCONFIRMED,same_structure_or_related_name;manual_confirmation_required
非药商务绩效+热销价+商家进度统计_DATE_sub_高运,非药商务绩效+热销价+商家进度统计_2026-07-03_sub_高运.xlsx,,26,30,月份:2026-06-01..2026-06-01 | 开店月份:2026-01-01..2026-06-01 | 首单月份:2026-01-01..2026-06-01,UNCONFIRMED,same_structure_or_related_name;manual_confirmation_required
非药商务绩效+热销价+商家进度统计_DATE_sub_高运,非药商务绩效+热销价+商家进度统计_2026-07-03_sub_高运.xlsx,,310,47,商业开店日期:2025-08-29..2026-06-29 | 商业首单日期:2025-09-17..2026-06-27 | 月份:2025-01-01..2026-07-01 | 日期_dt:2025-09-17..2026-06-27 | 参考月份_dt:2025-10-17..2026-07-27 | 月份_dt:2025-01-01..2026-07-01 | 开店月份:2025-08-01..2026-06-01 | 首单月份:2025-09-01..2026-06-01,UNCONFIRMED,same_structure_or_related_name;manual_confirmation_required
非药商务绩效+热销价+商家进度统计_DATE_sub_高运,非药商务绩效+热销价+商家进度统计_2026-07-03_sub_高运.xlsx,,1,26,在药师帮注册日期:2024-08-27..2024-08-27 | 启用日期:2025-09-13..2025-09-13 | 药店首单日期:2025-11-13..2025-11-13 | 药采购权限审核通过日期:2025-09-13..2025-09-13 | 最近一次申请药采购权限时间:2025-09-13..2025-09-13,UNCONFIRMED,same_structure_or_related_name;manual_confirmation_required
非药商务绩效+热销价+商家进度统计_DATE_sub_高运,非药商务绩效+热销价+商家进度统计_2026-07-03_sub_高运.xlsx,,1,10,月份:2026-04-01..2026-04-01,UNCONFIRMED,same_structure_or_related_name;manual_confirmation_required
非药商务绩效+热销价+商家进度统计_DATE_sub_高运,非药商务绩效+热销价+商家进度统计_2026-07-22_sub_高运.xlsx,,7,21,月份:2026-01-01..2026-07-01,UNCONFIRMED,same_structure_or_related_name;manual_confirmation_required
非药商务绩效+热销价+商家进度统计_DATE_sub_高运,非药商务绩效+热销价+商家进度统计_2026-07-22_sub_高运.xlsx,,20,8,月份:2024-12-01..2026-07-01,UNCONFIRMED,same_structure_or_related_name;manual_confirmation_required
非药商务绩效+热销价+商家进度统计_DATE_sub_高运,非药商务绩效+热销价+商家进度统计_2026-07-22_sub_高运.xlsx,,233,17,月份:2024-12-01..2026-07-01 | 商业开店日期:2023-01-12..2026-07-17,UNCONFIRMED,same_structure_or_related_name;manual_confirmation_required
非药商务绩效+热销价+商家进度统计_DATE_sub_高运,非药商务绩效+热销价+商家进度统计_2026-07-22_sub_高运.xlsx,,39,58,商业开店日期:2023-01-12..2026-07-17 | 商业首单日期:2023-07-07..2026-07-21,UNCONFIRMED,same_structure_or_related_name;manual_confirmation_required
非药商务绩效+热销价+商家进度统计_DATE_sub_高运,非药商务绩效+热销价+商家进度统计_2026-07-22_sub_高运.xlsx,,30,30,月份:2026-07-01..2026-07-01 | 开店月份:2026-01-01..2026-07-01 | 首单月份:2026-01-01..2026-07-01,UNCONFIRMED,same_structure_or_related_name;manual_confirmation_required
非药商务绩效+热销价+商家进度统计_DATE_sub_高运,非药商务绩效+热销价+商家进度统计_2026-07-22_sub_高运.xlsx,,318,47,商业开店日期:2025-08-29..2026-07-17 | 商业首单日期:2025-09-17..2026-07-21 | 月份:2025-01-01..2026-07-01 | 日期_dt:2025-09-17..2026-07-21 | 参考月份_dt:2025-10-17..2026-08-21 | 月份_dt:2025-01-01..2026-07-01 | 开店月份:2025-08-01..2026-07-01 | 首单月份:2025-09-01..2026-07-01,UNCONFIRMED,same_structure_or_related_name;manual_confirmation_required
非药商务绩效+热销价+商家进度统计_DATE_sub_高运,非药商务绩效+热销价+商家进度统计_2026-07-22_sub_高运.xlsx,,1,29,在药师帮注册日期:2024-08-27..2024-08-27 | 启用日期:2025-09-13..2025-09-13 | 药店首单日期:2025-11-13..2025-11-13 | 药采购权限审核通过日期:2025-09-13..2025-09-13 | 最近一次申请药采购权限时间:2025-09-13..2025-09-13,UNCONFIRMED,same_structure_or_related_name;manual_confirmation_required
非药商务绩效+热销价+商家进度统计_DATE_sub_高运,非药商务绩效+热销价+商家进度统计_2026-07-22_sub_高运.xlsx,,1,10,月份:2026-04-01..2026-04-01,UNCONFIRMED,same_structure_or_related_name;manual_confirmation_required
非药商务绩效+热销价+商家进度统计_DATE_sub_高运,非药商务绩效+热销价+商家进度统计_2026-07-27_sub_高运.xlsx,,7,21,月份:2026-01-01..2026-07-01,UNCONFIRMED,same_structure_or_related_name;manual_confirmation_required
非药商务绩效+热销价+商家进度统计_DATE_sub_高运,非药商务绩效+热销价+商家进度统计_2026-07-27_sub_高运.xlsx,,20,8,月份:2024-12-01..2026-07-01,UNCONFIRMED,same_structure_or_related_name;manual_confirmation_required
非药商务绩效+热销价+商家进度统计_DATE_sub_高运,非药商务绩效+热销价+商家进度统计_2026-07-27_sub_高运.xlsx,,250,17,月份:2024-12-01..2026-07-01 | 商业开店日期:2023-01-12..2026-07-15,UNCONFIRMED,same_structure_or_related_name;manual_confirmation_required
非药商务绩效+热销价+商家进度统计_DATE_sub_高运,非药商务绩效+热销价+商家进度统计_2026-07-27_sub_高运.xlsx,,38,58,商业开店日期:2023-01-12..2026-07-15 | 商业首单日期:2023-03-08..2026-07-21,UNCONFIRMED,same_structure_or_related_name;manual_confirmation_required
非药商务绩效+热销价+商家进度统计_DATE_sub_高运,非药商务绩效+热销价+商家进度统计_2026-07-27_sub_高运.xlsx,,25,30,月份:2026-07-01..2026-07-01 | 开店月份:2026-01-01..2026-07-01 | 首单月份:2026-01-01..2026-07-01,UNCONFIRMED,same_structure_or_related_name;manual_confirmation_required
非药商务绩效+热销价+商家进度统计_DATE_sub_高运,非药商务绩效+热销价+商家进度统计_2026-07-27_sub_高运.xlsx,,279,47,商业开店日期:2025-08-29..2026-07-17 | 商业首单日期:2025-09-17..2026-07-21 | 月份:2025-01-01..2026-07-01 | 日期_dt:2025-09-17..2026-07-21 | 参考月份_dt:2025-10-17..2026-08-21 | 月份_dt:2025-01-01..2026-07-01 | 开店月份:2025-08-01..2026-07-01 | 首单月份:2025-09-01..2026-07-01,UNCONFIRMED,same_structure_or_related_name;manual_confirmation_required
非药商务绩效+热销价+商家进度统计_DATE_sub_高运,非药商务绩效+热销价+商家进度统计_2026-07-27_sub_高运.xlsx,,1,29,在药师帮注册日期:2024-08-27..2024-08-27 | 启用日期:2025-09-13..2025-09-13 | 药店首单日期:2025-11-13..2025-11-13 | 药采购权限审核通过日期:2025-09-13..2025-09-13 | 最近一次申请药采购权限时间:2025-09-13..2025-09-13,UNCONFIRMED,same_structure_or_related_name;manual_confirmation_required
非药商务绩效+热销价+商家进度统计_DATE_sub_高运,非药商务绩效+热销价+商家进度统计_2026-07-27_sub_高运.xlsx,,1,10,月份:2026-04-01..2026-04-01,UNCONFIRMED,same_structure_or_related_name;manual_confirmation_required
非药商务绩效+热销价+商家进度统计_DATE_sub_高运,非药商务绩效+热销价+商家进度统计_2026-07-28_sub_高运.xlsx,,7,21,月份:2026-01-01..2026-07-01,UNCONFIRMED,same_structure_or_related_name;manual_confirmation_required
非药商务绩效+热销价+商家进度统计_DATE_sub_高运,非药商务绩效+热销价+商家进度统计_2026-07-28_sub_高运.xlsx,,20,8,月份:2024-12-01..2026-07-01,UNCONFIRMED,same_structure_or_related_name;manual_confirmation_required
非药商务绩效+热销价+商家进度统计_DATE_sub_高运,非药商务绩效+热销价+商家进度统计_2026-07-28_sub_高运.xlsx,,243,17,月份:2024-12-01..2026-07-01 | 商业开店日期:2023-01-12..2026-07-07,UNCONFIRMED,same_structure_or_related_name;manual_confirmation_required
非药商务绩效+热销价+商家进度统计_DATE_sub_高运,非药商务绩效+热销价+商家进度统计_2026-07-28_sub_高运.xlsx,,34,58,商业开店日期:2023-01-12..2026-07-07 | 商业首单日期:2023-03-08..2026-07-08,UNCONFIRMED,same_structure_or_related_name;manual_confirmation_required
非药商务绩效+热销价+商家进度统计_DATE_sub_高运,非药商务绩效+热销价+商家进度统计_2026-07-28_sub_高运.xlsx,,21,30,月份:2026-07-01..2026-07-01 | 开店月份:2026-01-01..2026-07-01 | 首单月份:2026-01-01..2026-07-01,UNCONFIRMED,same_structure_or_related_name;manual_confirmation_required
非药商务绩效+热销价+商家进度统计_DATE_sub_高运,非药商务绩效+热销价+商家进度统计_2026-07-28_sub_高运.xlsx,,289,47,商业开店日期:2025-08-29..2026-07-17 | 商业首单日期:2025-09-17..2026-07-08 | 月份:2025-01-01..2026-07-01 | 日期_dt:2025-09-17..2026-07-08 | 参考月份_dt:2025-10-17..2026-07-27 | 月份_dt:2025-01-01..2026-07-01 | 开店月份:2025-08-01..2026-07-01 | 首单月份:2025-09-01..2026-07-01,UNCONFIRMED,same_structure_or_related_name;manual_confirmation_required
非药商务绩效+热销价+商家进度统计_DATE_sub_高运,非药商务绩效+热销价+商家进度统计_2026-07-28_sub_高运.xlsx,,1,29,在药师帮注册日期:2024-08-27..2024-08-27 | 启用日期:2025-09-13..2025-09-13 | 药店首单日期:2025-11-13..2025-11-13 | 药采购权限审核通过日期:2025-09-13..2025-09-13 | 最近一次申请药采购权限时间:2025-09-13..2025-09-13,UNCONFIRMED,same_structure_or_related_name;manual_confirmation_required
非药商务绩效+热销价+商家进度统计_DATE_sub_高运,非药商务绩效+热销价+商家进度统计_2026-07-28_sub_高运.xlsx,,0,10,,UNCONFIRMED,same_structure_or_related_name;manual_confirmation_required
DATE-DATE药品统计,20260201-20260302药品统计 (1)(1).xlsx,,2000,11,,UNCONFIRMED,same_structure_or_related_name;manual_confirmation_required
DATE-DATE药品统计,20260201-20260302药品统计 (1).xlsx,,2000,11,,UNCONFIRMED,same_structure_or_related_name;manual_confirmation_required
DATE-DATE药品统计,20260201-20260302药品统计.xlsx,,2000,9,,UNCONFIRMED,same_structure_or_related_name;manual_confirmation_required
5月药品top5000销售排名及均价表,5月药品top5000销售排名及均价表.xlsx,,51864,9,,UNCONFIRMED,single_observed_file
6月药品top5000销售排名及均价,6月药品top5000销售排名及均价(1).xlsx,,5000,8,,UNCONFIRMED,same_structure_or_related_name;manual_confirmation_required
6月药品top5000销售排名及均价,6月药品top5000销售排名及均价(1).xlsx,,0,0,,UNCONFIRMED,same_structure_or_related_name;manual_confirmation_required
6月药品top5000销售排名及均价,6月药品top5000销售排名及均价(1).xlsx,,0,0,,UNCONFIRMED,same_structure_or_related_name;manual_confirmation_required
拜访商业统计,拜访商业统计.xlsx,,35,6,,UNCONFIRMED,single_observed_file
拜访商业统计_美化版,拜访商业统计_美化版.xlsx,,80,6,,UNCONFIRMED,single_observed_file
新开端口商业参与明细情况,新开端口商业参与明细情况.xlsx,,273,14,首单月份:2025-09-01..2026-03-01,UNCONFIRMED,single_observed_file
日用动销DATE,日用动销2026-03-23.xlsx,,25884,4,,UNCONFIRMED,single_observed_file
销售额统计,销售额统计 (1).xlsx,,86,10,,UNCONFIRMED,same_structure_or_related_name;manual_confirmation_required
销售额统计,销售额统计 (1).xlsx,,86,11,,UNCONFIRMED,same_structure_or_related_name;manual_confirmation_required
销售额统计,销售额统计 (1).xlsx,,2666,11,日期:2026-05-01..2026-05-31,UNCONFIRMED,same_structure_or_related_name;manual_confirmation_required
销售额统计,销售额统计 (2).xlsx,,85,10,,UNCONFIRMED,same_structure_or_related_name;manual_confirmation_required
销售额统计,销售额统计 (2).xlsx,,85,11,,UNCONFIRMED,same_structure_or_related_name;manual_confirmation_required
销售额统计,销售额统计 (2).xlsx,,2635,11,日期:2026-05-01..2026-05-31,UNCONFIRMED,same_structure_or_related_name;manual_confirmation_required
销售额统计,销售额统计 (28).xlsx,,80,10,,UNCONFIRMED,same_structure_or_related_name;manual_confirmation_required
销售额统计,销售额统计 (28).xlsx,,80,11,,UNCONFIRMED,same_structure_or_related_name;manual_confirmation_required
销售额统计,销售额统计 (28).xlsx,,2400,11,日期:2026-04-01..2026-04-30,UNCONFIRMED,same_structure_or_related_name;manual_confirmation_required
销售额统计,销售额统计 (3).xlsx,,90,10,,UNCONFIRMED,same_structure_or_related_name;manual_confirmation_required
销售额统计,销售额统计 (3).xlsx,,90,11,,UNCONFIRMED,same_structure_or_related_name;manual_confirmation_required
销售额统计,销售额统计 (3).xlsx,,2700,11,日期:2026-06-01..2026-06-30,UNCONFIRMED,same_structure_or_related_name;manual_confirmation_required
销售额统计,销售额统计 (4).xlsx,,90,10,,UNCONFIRMED,same_structure_or_related_name;manual_confirmation_required
销售额统计,销售额统计 (4).xlsx,,90,11,,UNCONFIRMED,same_structure_or_related_name;manual_confirmation_required
销售额统计,销售额统计 (4).xlsx,,2700,11,日期:2026-06-01..2026-06-30,UNCONFIRMED,same_structure_or_related_name;manual_confirmation_required
销售额统计,销售额统计 (5).xlsx,,91,10,,UNCONFIRMED,same_structure_or_related_name;manual_confirmation_required
销售额统计,销售额统计 (5).xlsx,,364,11,,UNCONFIRMED,same_structure_or_related_name;manual_confirmation_required
销售额统计,销售额统计 (5).xlsx,,11102,11,日期:2026-03-01..2026-06-30,UNCONFIRMED,same_structure_or_related_name;manual_confirmation_required
销售额统计,销售额统计 (6).xlsx,,34,10,,UNCONFIRMED,same_structure_or_related_name;manual_confirmation_required
销售额统计,销售额统计 (6).xlsx,,34,11,,UNCONFIRMED,same_structure_or_related_name;manual_confirmation_required
销售额统计,销售额统计 (6).xlsx,,1020,11,日期:2026-06-01..2026-06-30,UNCONFIRMED,same_structure_or_related_name;manual_confirmation_required
销售额统计,销售额统计.xlsx,,86,10,,UNCONFIRMED,same_structure_or_related_name;manual_confirmation_required
销售额统计,销售额统计.xlsx,,172,11,,UNCONFIRMED,same_structure_or_related_name;manual_confirmation_required
销售额统计,销售额统计.xlsx,,4042,11,日期:2026-04-15..2026-05-31,UNCONFIRMED,same_structure_or_related_name;manual_confirmation_required
销售额统计,销售额统计 (1).xlsx,,86,10,,UNCONFIRMED,same_structure_or_related_name;manual_confirmation_required
销售额统计,销售额统计 (1).xlsx,,86,11,,UNCONFIRMED,same_structure_or_related_name;manual_confirmation_required
销售额统计,销售额统计 (1).xlsx,,2666,11,日期:2026-05-01..2026-05-31,UNCONFIRMED,same_structure_or_related_name;manual_confirmation_required
销售额统计,销售额统计 (2).xlsx,,85,10,,UNCONFIRMED,same_structure_or_related_name;manual_confirmation_required
销售额统计,销售额统计 (2).xlsx,,85,11,,UNCONFIRMED,same_structure_or_related_name;manual_confirmation_required
销售额统计,销售额统计 (2).xlsx,,2635,11,日期:2026-05-01..2026-05-31,UNCONFIRMED,same_structure_or_related_name;manual_confirmation_required
销售额统计,销售额统计 (20).xlsx,,78,9,,UNCONFIRMED,same_structure_or_related_name;manual_confirmation_required
销售额统计,销售额统计 (20).xlsx,,78,10,,UNCONFIRMED,same_structure_or_related_name;manual_confirmation_required
销售额统计,销售额统计 (20).xlsx,,2340,10,日期:2025-06-01..2025-06-30,UNCONFIRMED,same_structure_or_related_name;manual_confirmation_required
销售额统计,销售额统计 (3).xlsx,,90,10,,UNCONFIRMED,same_structure_or_related_name;manual_confirmation_required
销售额统计,销售额统计 (3).xlsx,,90,11,,UNCONFIRMED,same_structure_or_related_name;manual_confirmation_required
销售额统计,销售额统计 (3).xlsx,,2700,11,日期:2026-06-01..2026-06-30,UNCONFIRMED,same_structure_or_related_name;manual_confirmation_required
DATEQ1云商通激励&绩效调整,2025Q1云商通激励&绩效调整.pdf,,,,,UNCONFIRMED,single_observed_file
DATE三方绩效方案宣导-运营3月试行版（TO运营）,2025年三方绩效方案宣导-运营3月试行版（TO运营）.pdf,,,,,UNCONFIRMED,single_observed_file
DATE三方绩效方案宣导-运营4月试行版  TO运营,2025年三方绩效方案宣导-运营4月试行版  TO运营.pdf,,,,,UNCONFIRMED,single_observed_file
DATE三方绩效方案宣导-运营8月版（TO运营）,2025年三方绩效方案宣导-运营8月版（TO运营）.pdf,,,,,UNCONFIRMED,single_observed_file
DATE运营绩效考核方案（完整版TO全员）,2025年运营绩效考核方案（完整版TO全员）.pdf,,,,,UNCONFIRMED,single_observed_file
DATE运营绩效考核方案（完整版）TO运营,2025年运营绩效考核方案（完整版）TO运营.pdf,,,,,UNCONFIRMED,single_observed_file
DATE运营绩效考核方案（简洁版-10月变点TO运营）,2025年运营绩效考核方案（简洁版-10月变点TO运营）.pdf,,,,,UNCONFIRMED,single_observed_file
DATE运营绩效考核方案（简洁版-变点）-DATE版,2025年运营绩效考核方案（简洁版-变点）-2025-11版.pdf,,,,,UNCONFIRMED,same_structure_or_related_name;manual_confirmation_required
DATE运营绩效考核方案（简洁版-变点）-DATE版,2025年运营绩效考核方案（简洁版-变点）-2025-12版.pdf,,,,,UNCONFIRMED,same_structure_or_related_name;manual_confirmation_required
DATE三方区域运营绩效方案 TO运营,2026年三方区域运营绩效方案 TO运营.pdf,,,,,UNCONFIRMED,single_observed_file
24年非药商家售后订单率DATE,24年非药商家售后订单率2025-01-03.xlsx,,2052,7,,UNCONFIRMED,same_structure_or_related_name;manual_confirmation_required
24年非药商家售后订单率DATE,24年非药商家售后订单率2025-01-03.xlsx,,30,5,,UNCONFIRMED,same_structure_or_related_name;manual_confirmation_required
26年Q1非药运营&商务绩效1230,26年Q1非药运营&商务绩效1230.pdf,,,,,UNCONFIRMED,single_observed_file
5万商家12-1月药采购现金情况,5万商家12-1月药采购现金情况.xlsx,,1754,13,,UNCONFIRMED,same_structure_or_related_name;manual_confirmation_required
5万商家12-1月药采购现金情况,5万商家12-1月药采购现金情况.xlsx,,228,1,,UNCONFIRMED,same_structure_or_related_name;manual_confirmation_required
【2月考核结果】非药商家0211-0304连锁销售情况,【2月考核结果】非药商家0211-0304连锁销售情况.xlsx,,457,22,,UNCONFIRMED,same_structure_or_related_name;manual_confirmation_required
【2月考核结果】非药商家0211-0304连锁销售情况,【2月考核结果】非药商家0211-0304连锁销售情况.xlsx,,1723,20,,UNCONFIRMED,same_structure_or_related_name;manual_confirmation_required
三方客户成功部运营岗-十万专员考核方案（DATE修订试行版）,三方客户成功部运营岗-十万专员考核方案（202404修订试行版）.docx,,,,,UNCONFIRMED,same_structure_or_related_name;manual_confirmation_required
三方客户成功部运营岗-十万专员考核方案（DATE修订试行版）,三方客户成功部运营岗-十万专员考核方案（202407修订试行版）.pdf,,,,,UNCONFIRMED,same_structure_or_related_name;manual_confirmation_required
三方绩效方向2501——TO运营,三方绩效方向2501——TO运营.pdf,,,,,UNCONFIRMED,single_observed_file
商家每月售后情况DATE_四川,商家每月售后情况2025-02-06_四川.xlsx,,73,13,,UNCONFIRMED,same_structure_or_related_name;manual_confirmation_required
商家每月售后情况DATE_四川,商家每月售后情况2025-02-06_四川.xlsx,,23,1,,UNCONFIRMED,same_structure_or_related_name;manual_confirmation_required
日化可开分店商家,日化可开分店商家.xlsx,,39,6,,UNCONFIRMED,single_observed_file
汇总清单,汇总清单.txt,,,,,UNCONFIRMED,single_observed_file
非药各经营范围上架规则及售后考核概览,非药各经营范围上架规则及售后考核概览.docx,,,,,UNCONFIRMED,single_observed_file
非药商务&运营25年11月绩效方案,非药商务&运营25年11月绩效方案.pdf,,,,,UNCONFIRMED,single_observed_file
